Group No,Group Name,Name,Sub Name,Repeater Call Sign,Gateway Call Sign,Frequency,Dup,Offset,Mode,TONE,Repeater Tone,RPT1USE,Position,Latitude,Longitude,UTC Offset
1,Hotspot,Hotspot,PiStar,XXXXXXXB,XXXXXXXG,433.110000,OFF,0.000000,DV,OFF,88.5Hz,YES,Approximate,41.818333,12.715000,--:--
2,1 DV Liguria,Cast. Chiavarese,IR1DC,IR1DC  C,IR1DC  G,144.925000,DUP-,0.000000,DV,OFF,88.5Hz,YES,Exact,44.275833,9.527167,+1:00
2,1 DV Liguria,Lavagna Genova,IR1UAW,IR1UAW C,IR1UAW G,144.862500,DUP-,0.000000,DV,OFF,88.5Hz,YES,Exact,44.306000,9.374167,+1:00
2,1 DV Liguria,Lavagna Genova,IR1UAW,IR1UAW B,IR1UAW G,430.912500,DUP+,5.000000,DV,OFF,88.5Hz,YES,Exact,44.306000,9.374167,+1:00
2,1 DV Liguria,Lavagna Genova,IR1UAW,IR1UAW A,IR1UAW G,1243.000000,DUP+,0.000000,DV,OFF,88.5Hz,YES,Exact,44.306000,9.374167,+1:00
2,1 DV Liguria,Borghetto Santo,IR1UGO,IR1UGO B,IR1UGO G,430.525000,DUP+,5.000000,DV,OFF,88.5Hz,YES,Exact,44.124833,8.254333,+1:00
2,1 DV Liguria,Borghetto Santo,IR1UGO,IR1UGO C,IR1UGO G,144.937500,DUP+,0.000000,DV,OFF,88.5Hz,YES,Exact,44.105833,8.231000,+1:00
2,1 DV Liguria,Genova,IR1DB,IR1DB  B,IR1DB  G,430.912500,DUP+,0.000000,DV,OFF,88.5Hz,YES,Exact,44.407000,8.961000,--:--
2,1 DV Liguria,Comeglio,IR1UBY,IR1UBY B,IR1UBY G,430.600000,DUP+,5.000000,DV,OFF,88.5Hz,YES,Exact,44.258000,9.502000,--:--
2,1 DV Liguria,San Giorgio,IQ1LY,IQ1LY  B,IQ1LY  G,433.450000,DUP+,0.000000,DV,OFF,88.5Hz,YES,Exact,44.087167,8.217500,--:--
2,1 DV Liguria,Montefreddo,IR1UFV,IR1UFV B,IR1UFV G,431.450000,DUP+,1.600000,DV,OFF,88.5Hz,YES,Exact,44.307167,8.337833,--:--
3,1 FM Liguria,Masone (GE),T,,,144.612500,OFF,0.000000,FM,OFF,88.5Hz,NO,None,0.000000,44.479167,--:--
3,1 FM Liguria,Pegli (GE),T,,,144.675000,OFF,0.000000,FM,OFF,88.5Hz,NO,None,0.000000,44.437500,--:--
3,1 FM Liguria,Rossiglione (GE),T,,,145.212500,OFF,0.000000,FM,OFF,88.5Hz,NO,None,0.000000,44.562500,--:--
3,1 FM Liguria,M.Telegrafo - Bu,T out,,,145.225000,OFF,0.000000,FM,OFF,88.5Hz,NO,None,0.000000,44.562500,--:--
3,1 FM Liguria,Cilona - Busalla,T,,,145.312500,OFF,0.000000,FM,OFF,88.5Hz,NO,None,0.000000,0.000000,--:--
3,1 FM Liguria,M.Leco (GE),RV,,,145.437500,DUP-,0.600000,FM,OFF,88.5Hz,NO,None,0.000000,44.562500,--:--
3,1 FM Liguria,M.Maggio (GE),T,,,145.437500,OFF,0.000000,FM,OFF,88.5Hz,NO,None,0.000000,44.562500,--:--
3,1 FM Liguria,Val Tanaro (IM),RV-1,RV 1,,145.575000,DUP-,0.600000,FM,OFF,88.5Hz,NO,None,0.000000,44.145833,--:--
3,1 FM Liguria,M.Roveto-Busalla,RV-1a,,,145.587500,DUP-,0.600000,FM,OFF,88.5Hz,NO,None,0.000000,44.604167,--:--
3,1 FM Liguria,M.Faudo (IM),R0,,,145.600000,DUP-,0.600000,FM,OFF,88.5Hz,NO,None,0.000000,43.895833,--:--
3,1 FM Liguria,Genova,R1,R1,,145.625000,DUP-,0.600000,FM,OFF,88.5Hz,NO,None,0.000000,44.395833,--:--
3,1 FM Liguria,Lorsica (GE),R1a,,,145.637500,DUP-,0.600000,FM,OFF,88.5Hz,NO,None,0.000000,44.437500,--:--
3,1 FM Liguria,Cosseria (SV),R1a,,,145.637500,DUP-,0.600000,FM,OFF,88.5Hz,NO,None,0.000000,44.354167,--:--
3,1 FM Liguria,M.Bignone (IM),R2,,,145.650000,DUP-,0.600000,FM,OFF,88.5Hz,NO,None,0.000000,43.854167,--:--
3,1 FM Liguria,Bardineto (SV),R2a,,,145.662500,DUP-,0.600000,FM,OFF,88.5Hz,NO,None,0.000000,44.062500,--:--
3,1 FM Liguria,M.Beigua (SV),R3,R3,,145.675000,DUP-,0.600000,FM,OFF,88.5Hz,NO,None,0.000000,44.437500,--:--
3,1 FM Liguria,Tigullio (GE),R3a,R3A,,145.687500,DUP-,0.600000,FM,OFF,88.5Hz,NO,None,0.000000,44.270833,--:--
3,1 FM Liguria,M.Figogna (GE),R4,,,145.700000,DUP-,0.600000,FM,OFF,88.5Hz,NO,None,0.000000,44.437500,--:--
3,1 FM Liguria,Sanremo (IM),R4,,,145.700000,DUP-,0.600000,FM,OFF,88.5Hz,NO,None,0.000000,43.812500,--:--
3,1 FM Liguria,M.Fasce (GE),R5,,,145.725000,DUP-,0.600000,FM,OFF,88.5Hz,NO,None,0.000000,44.395833,--:--
3,1 FM Liguria,Pizzo d'Evigno -,R5a,,,145.737500,DUP-,0.600000,FM,OFF,88.5Hz,NO,None,0.000000,44.020833,--:--
3,1 FM Liguria,Rapallo (GE),R6,,,145.750000,DUP-,0.600000,FM,OFF,88.5Hz,NO,None,0.000000,44.354167,--:--
3,1 FM Liguria,M.Tirasso - Alas,R6a,,,145.762500,DUP-,0.600000,FM,OFF,88.5Hz,NO,None,0.000000,44.020833,--:--
3,1 FM Liguria,Dolcedo (IM),R7,,,145.775000,DUP-,0.600000,FM,OFF,88.5Hz,NO,None,0.000000,43.895833,--:--
3,1 FM Liguria,Imperia,R7,,,145.775000,DUP-,0.600000,FM,OFF,88.5Hz,NO,None,0.000000,43.895833,--:--
3,1 FM Liguria,Perinaldo (IM),R7a,R7A,,145.787500,DUP-,0.600000,FM,OFF,88.5Hz,NO,None,0.000000,43.854167,--:--
3,1 FM Liguria,Finale Ligure (S,R7a,,,145.787500,DUP-,0.600000,FM,OFF,88.5Hz,NO,None,0.000000,44.187500,--:--
3,1 FM Liguria,Cogorno (GE),RU0a,RU0A,,430.012500,DUP+,5.000000,FM,OFF,88.5Hz,NO,None,0.000000,44.312500,--:--
3,1 FM Liguria,Cosseria (SV),RU1,,,430.025000,DUP+,1.600000,FM,OFF,88.5Hz,NO,None,0.000000,44.354167,--:--
3,1 FM Liguria,M.Roveto - Busal,RU2,RU2,,430.050000,DUP+,5.000000,FM,OFF,88.5Hz,NO,None,0.000000,44.604167,--:--
3,1 FM Liguria,Montegrosso Pian,RU2a,,,430.062500,DUP+,5.000000,FM,OFF,88.5Hz,NO,None,0.000000,44.062500,--:--
3,1 FM Liguria,Spotorno (SV),RU3,,,430.075000,DUP+,1.600000,FM,OFF,88.5Hz,NO,None,0.000000,44.187500,--:--
3,1 FM Liguria,San Nicolao (SP),RU3a,RU3A,,430.087500,DUP+,1.600000,FM,OFF,88.5Hz,NO,None,0.000000,44.270833,--:--
3,1 FM Liguria,M.Fasce (GE),RU5,,,430.125000,DUP+,1.600000,FM,OFF,88.5Hz,NO,None,0.000000,44.395833,--:--
3,1 FM Liguria,M.Figogna (GE),RU6,,,430.150000,DUP+,1.600000,FM,OFF,88.5Hz,NO,None,0.000000,44.437500,--:--
3,1 FM Liguria,T. Marconi-Sestr,RU7,,,430.175000,DUP+,1.600000,FM,OFF,88.5Hz,NO,None,0.000000,44.270833,--:--
3,1 FM Liguria,Finale Ligure (S,RU7,,,430.175000,DUP+,1.600000,FM,OFF,88.5Hz,NO,None,0.000000,44.187500,--:--
3,1 FM Liguria,Santa Margherita,RU7a,RU7A,,430.187500,DUP+,5.000000,FM,OFF,88.5Hz,NO,None,0.000000,44.354167,--:--
3,1 FM Liguria,Bardineto (SV),RU8,RU8,,430.200000,DUP+,5.000000,FM,OFF,88.5Hz,NO,None,0.000000,44.187500,--:--
3,1 FM Liguria,Sant'Olcese (GE),RU11,,,430.275000,DUP+,5.000000,FM,OFF,88.5Hz,NO,None,0.000000,44.479167,--:--
3,1 FM Liguria,Val Tanaro (IM),RU15a,RU15A,,430.387500,DUP+,5.000000,FM,OFF,88.5Hz,NO,None,0.000000,44.145833,--:--
3,1 FM Liguria,M.Leco (GE),RU,,,430.462500,DUP+,5.000000,FM,OFF,88.5Hz,NO,None,0.000000,44.562500,--:--
3,1 FM Liguria,Albenga (SV),RU,,,430.475000,DUP+,5.000000,FM,OFF,88.5Hz,NO,None,0.000000,44.020833,--:--
3,1 FM Liguria,M.Maggio - Savig,RU,,,430.487500,DUP+,5.000000,FM,OFF,88.5Hz,NO,None,0.000000,44.562500,--:--
3,1 FM Liguria,Val di Vara (SP),RU,,,430.575000,DUP+,5.000000,FM,OFF,88.5Hz,NO,None,0.000000,44.354167,--:--
3,1 FM Liguria,M.Telegrafo - Bu,RU,,,430.625000,DUP+,5.000000,FM,OFF,88.5Hz,NO,None,0.000000,44.562500,--:--
3,1 FM Liguria,M.Maggio - Savig,RU,,,430.837500,DUP+,5.000000,FM,OFF,88.5Hz,NO,None,0.000000,44.562500,--:--
3,1 FM Liguria,Pegli (GE),T,,,433.487500,OFF,0.000000,FM,OFF,88.5Hz,NO,None,0.000000,44.437500,--:--
4,1 DV Piemonte,Pallanzeno,IZ1ZPJ,IZ1ZPJ B,IZ1ZPJ G,430.987500,DUP+,5.000000,DV,OFF,88.5Hz,YES,Exact,46.056667,8.262333,--:--
4,1 DV Piemonte,Alice Bel Colle,IR1UIV,IR1UIV B,IR1UIV G,430.875000,DUP+,5.000000,DV,OFF,88.5Hz,YES,Exact,44.725833,8.451167,--:--
4,1 DV Piemonte,M. Garne' TO,IR1UW,IR1UW  B,IR1UW  G,430.200000,DUP+,5.000000,DV,OFF,88.5Hz,YES,Exact,45.309167,7.418167,+1:00
4,1 DV Piemonte,Corio TO,IR1A,IR1A   B,IR1A   G,430.575000,DUP+,5.000000,DV,OFF,88.5Hz,YES,Exact,45.330000,7.546667,--:--
4,1 DV Piemonte,Arona,IW1GB,IW1GB  B,IW1GB  G,430.000000,DUP+,0.000000,DV,OFF,88.5Hz,YES,Exact,45.760000,8.549667,--:--
4,1 DV Piemonte,Grugliasco TO,IW1DGK,IW1DGK B,IW1DGK G,433.937500,DUP+,0.000000,DV,OFF,88.5Hz,YES,Exact,45.071833,7.598167,--:--
4,1 DV Piemonte,Verzuolo,IZ1RTF,IZ1RTF B,IZ1RTF G,431.550000,DUP+,0.000000,DV,OFF,88.5Hz,YES,Exact,44.604167,7.482167,--:--
4,1 DV Piemonte,Cantoira TO,IU1NSW,IU1NSW B,IU1NSW G,430.800000,DUP+,5.000000,DV,OFF,88.5Hz,YES,Exact,45.335333,7.390000,--:--
4,1 DV Piemonte,Prarostino TO,IW1GLE,IW1GLE B,IW1GLE G,435.025000,DUP-,5.000000,DV,OFF,88.5Hz,YES,Exact,44.865500,7.269500,--:--
4,1 DV Piemonte,Ceresole TO,IZ1DSJ,IZ1DSJ B,IZ1DSJ G,430.800000,DUP+,5.000000,DV,OFF,88.5Hz,YES,Exact,45.427167,7.246667,--:--
4,1 DV Piemonte,Ozzano,IR1UDI,IR1UDI B,IR1UDI G,430.025000,DUP+,1.600000,DV,OFF,88.5Hz,YES,Exact,45.122833,8.410167,--:--
4,1 DV Piemonte,Asigliano,IU1NPI,IU1NPI B,IU1NPI G,431.400000,DUP+,0.000000,DV,OFF,88.5Hz,YES,Exact,45.250000,8.440000,--:--
4,1 DV Piemonte,Lingotto,IU1KWK,IU1KWK B,IU1KWK G,434.000000,DUP+,0.000000,DV,OFF,88.5Hz,YES,Exact,45.042833,7.643500,--:--
5,1 FM Piemonte,Belforte Monferr,T,,,144.512500,OFF,0.000000,FM,OFF,88.5Hz,NO,None,0.000000,44.604167,--:--
5,1 FM Piemonte,Paroldo (CN),RV,RV,,145.487500,DUP-,0.600000,FM,OFF,88.5Hz,NO,None,0.000000,44.437500,--:--
5,1 FM Piemonte,M. Cimolo (VCO),RV-1a,RV 1A,,145.587500,DUP-,0.600000,FM,OFF,88.5Hz,NO,None,0.000000,45.979167,--:--
5,1 FM Piemonte,Cossato (BI),R0,,,145.600000,DUP-,0.600000,FM,OFF,88.5Hz,NO,None,0.000000,45.562500,--:--
5,1 FM Piemonte,Cesana Torinese,R0,,,145.600000,DUP-,0.600000,FM,OFF,88.5Hz,NO,None,0.000000,44.937500,--:--
5,1 FM Piemonte,Frassinetto (TO),R0,,,145.600000,DUP-,0.600000,FM,OFF,88.5Hz,NO,None,0.000000,45.437500,--:--
5,1 FM Piemonte,Prarostino (TO),R0,,,145.600000,DUP-,0.600000,FM,OFF,88.5Hz,NO,None,0.000000,44.854167,--:--
5,1 FM Piemonte,M. Mottarone (VC,R0a,R0A,,145.612500,DUP-,0.600000,FM,OFF,88.5Hz,NO,None,0.000000,45.895833,--:--
5,1 FM Piemonte,Asti,R1a,R1A,,145.637500,DUP-,0.600000,FM,OFF,88.5Hz,NO,None,0.000000,44.895833,--:--
5,1 FM Piemonte,Aquila di Giaven,R2,R2,,145.650000,DUP-,0.600000,FM,OFF,88.5Hz,NO,None,0.000000,45.020833,--:--
5,1 FM Piemonte,Roccaverano (AT),R2a,R2A,,145.662500,DUP-,0.600000,FM,OFF,88.5Hz,NO,None,0.000000,44.770833,--:--
5,1 FM Piemonte,Pino Torinese (T,R4,R4,,145.700000,DUP-,0.600000,FM,OFF,88.5Hz,NO,None,0.000000,45.020833,--:--
5,1 FM Piemonte,Alpe Colombino -,R4,,,145.700000,DUP-,0.600000,FM,OFF,88.5Hz,NO,None,0.000000,45.020833,--:--
5,1 FM Piemonte,M.Dago-Nizza Mon,R4a,R4A,,145.712500,DUP-,0.600000,FM,OFF,88.5Hz,NO,None,0.000000,44.687500,--:--
5,1 FM Piemonte,Susa (TO),R5,R5,,145.725000,DUP-,0.600000,FM,OFF,88.5Hz,NO,None,0.000000,45.145833,--:--
5,1 FM Piemonte,Costigliole d'As,R5a,R5A,,145.737500,DUP-,0.600000,FM,OFF,88.5Hz,NO,None,0.000000,44.812500,--:--
5,1 FM Piemonte,Bagnolo Piemonte,R6,,,145.750000,DUP-,0.600000,FM,OFF,88.5Hz,NO,None,0.000000,44.770833,--:--
5,1 FM Piemonte,M.Moncucco (VCO),R6,,,145.750000,DUP-,0.600000,FM,OFF,88.5Hz,NO,None,0.000000,46.104167,--:--
5,1 FM Piemonte,Fracconalto (AL),R6a,R6A,,145.762500,DUP-,0.600000,FM,OFF,88.5Hz,NO,None,0.000000,44.604167,--:--
5,1 FM Piemonte,Sestriere (TO),R6a,,,145.762500,DUP-,0.600000,FM,OFF,88.5Hz,NO,None,0.000000,44.979167,--:--
5,1 FM Piemonte,Torino,R6a,,,145.762500,DUP-,0.600000,FM,OFF,88.5Hz,NO,None,0.000000,45.104167,--:--
5,1 FM Piemonte,M.Mottarone (VCO,R6a,,,145.762500,DUP-,0.600000,FM,OFF,88.5Hz,NO,None,0.000000,45.854167,--:--
5,1 FM Piemonte,Stazzano (AL),R7,R7,,145.775000,DUP-,0.600000,FM,OFF,88.5Hz,NO,None,0.000000,44.729167,--:--
5,1 FM Piemonte,Trontano (VCO),RU1,RU1,,430.025000,DUP+,1.600000,FM,OFF,88.5Hz,NO,None,0.000000,46.104167,--:--
5,1 FM Piemonte,Mornasco (AL),RU2a,RU2A,,430.062500,DUP+,1.600000,FM,OFF,88.5Hz,NO,None,0.000000,44.645833,--:--
5,1 FM Piemonte,Mondovi' (CN),RU3,RU3,,430.075000,DUP+,1.600000,FM,OFF,88.5Hz,NO,None,0.000000,44.354167,--:--
5,1 FM Piemonte,Asti,RU5,RU5,,430.125000,DUP+,5.000000,FM,OFF,88.5Hz,NO,None,0.000000,44.895833,--:--
5,1 FM Piemonte,Corio (TO),RU6,RU6,,430.150000,DUP+,1.600000,FM,OFF,88.5Hz,NO,None,0.000000,45.354167,--:--
5,1 FM Piemonte,M. Mottarone (VC,RU6a,RU6A,,430.162500,DUP+,1.600000,FM,OFF,88.5Hz,NO,None,0.000000,45.895833,--:--
5,1 FM Piemonte,Novi Ligure (AL),RU7,RU7,,430.175000,DUP+,1.600000,FM,OFF,88.5Hz,NO,None,0.000000,44.770833,--:--
5,1 FM Piemonte,La Morra (CN),RU8a,RU8A,,430.212500,DUP+,1.600000,FM,OFF,88.5Hz,NO,None,0.000000,44.645833,--:--
5,1 FM Piemonte,M.Moncucco (VCO),RU8a,,,430.212500,DUP+,1.600000,FM,OFF,88.5Hz,NO,None,0.000000,46.104167,--:--
5,1 FM Piemonte,Acqui Terme (AL),RU9,RU9,,430.225000,DUP+,1.600000,FM,OFF,88.5Hz,NO,None,0.000000,44.604167,--:--
5,1 FM Piemonte,Perosa Argentina,RU10,RU10,,430.250000,DUP+,5.000000,FM,OFF,88.5Hz,NO,None,0.000000,44.937500,--:--
5,1 FM Piemonte,Serravalle (CN),RU10a,RU10A,,430.262500,DUP+,1.600000,FM,OFF,88.5Hz,NO,None,0.000000,44.562500,--:--
5,1 FM Piemonte,Sampeyre (CN),RU11,RU11,,430.275000,DUP+,1.600000,FM,OFF,88.5Hz,NO,None,0.000000,44.562500,--:--
5,1 FM Piemonte,Neviglie (CN),RU11a,RU11A,,430.287500,DUP+,1.600000,FM,OFF,88.5Hz,NO,None,0.000000,44.687500,--:--
5,1 FM Piemonte,Roccabruna (CN),RU12,RU12,,430.300000,DUP+,1.600000,FM,OFF,88.5Hz,NO,None,0.000000,44.479167,--:--
5,1 FM Piemonte,Angrogna - Val P,RU12a,RU12A,,430.312500,DUP+,5.000000,FM,OFF,88.5Hz,NO,None,0.000000,44.854167,--:--
5,1 FM Piemonte,Asti,RU13a,RU13A,,430.337500,DUP+,5.000000,FM,OFF,88.5Hz,NO,None,0.000000,44.895833,--:--
5,1 FM Piemonte,Loazzolo (AT),RU13a,,,430.337500,DUP+,5.000000,FM,OFF,88.5Hz,NO,None,0.000000,44.687500,--:--
5,1 FM Piemonte,Belforte M.to (A,RU14a,RU14A,,430.362500,DUP+,1.600000,FM,OFF,88.5Hz,NO,None,0.000000,44.604167,--:--
5,1 FM Piemonte,Bagnolo Piemonte,RU,RU,,430.425000,DUP+,5.000000,FM,OFF,88.5Hz,NO,None,0.000000,44.770833,--:--
5,1 FM Piemonte,Colle di Rucas (,RU,,,430.450000,DUP+,5.000000,FM,OFF,88.5Hz,NO,None,0.000000,44.604167,--:--
5,1 FM Piemonte,Bagnolo Piemonte,RU,,,430.600000,DUP+,5.000000,FM,OFF,88.5Hz,NO,None,0.000000,44.770833,--:--
5,1 FM Piemonte,Torino,RU,,,430.612500,DUP+,5.000000,FM,OFF,88.5Hz,NO,None,0.000000,45.104167,--:--
5,1 FM Piemonte,M.Malanotte  (CN,RU,,,430.650000,DUP+,5.000000,FM,OFF,88.5Hz,NO,None,0.000000,44.270833,--:--
5,1 FM Piemonte,Mombaruzzo (AT),RU,,,430.787500,DUP+,5.000000,FM,OFF,88.5Hz,NO,None,0.000000,44.770833,--:--
5,1 FM Piemonte,Celle-Villardora,RU16a,RU16A,,431.237500,DUP+,1.600000,FM,OFF,88.5Hz,NO,None,0.000000,45.145833,--:--
5,1 FM Piemonte,Acqui Terme (AL),RU24,RU24,,431.425000,DUP+,1.600000,FM,OFF,88.5Hz,NO,None,0.000000,44.687500,--:--
5,1 FM Piemonte,Coniolo (AL),RU25a,RU25A,,431.462500,DUP+,1.600000,FM,OFF,88.5Hz,NO,None,0.000000,45.145833,--:--
5,1 FM Piemonte,M.Mottarone (VCO,RU28,RU28,,431.525000,DUP+,1.600000,FM,OFF,88.5Hz,NO,None,0.000000,45.895833,--:--
5,1 FM Piemonte,Ovada (AL),T,,,435.212500,OFF,0.000000,FM,OFF,88.5Hz,NO,None,0.000000,44.604167,--:--
6,2 DV Lombardia,Bollate Milano,IR2UFV,IR2UFV B,IR2UFV G,433.625000,DUP-,0.000000,DV,OFF,88.5Hz,YES,Exact,45.546167,9.111500,+1:00
6,2 DV Lombardia,Colico,IR2UGK,IR2UGK B,IR2UGK G,430.187500,DUP+,1.600000,DV,OFF,88.5Hz,YES,Exact,46.140667,9.258333,+1:00
6,2 DV Lombardia,Valcava,IR2UED,IR2UED B,IR2UED G,431.537500,DUP+,1.600000,DV,OFF,88.5Hz,YES,Exact,45.788833,9.513333,+1:00
6,2 DV Lombardia,Gallarate,IR2UEZ,IR2UEZ B,IR2UEZ G,431.612500,DUP+,1.600000,DV,OFF,88.5Hz,YES,Exact,45.681667,8.818000,--:--
6,2 DV Lombardia,Campo dei Fiori,IK2YYL,IK2YYL B,IK2YYL G,431.425000,DUP+,5.000000,DV,OFF,88.5Hz,YES,Exact,45.868167,8.773667,+1:00
6,2 DV Lombardia,M. Boletto,IR2UG,IR2UG  B,IR2UG  G,430.025000,DUP+,1.600000,DV,OFF,88.5Hz,YES,Exact,45.826167,9.100500,+1:00
6,2 DV Lombardia,Bernate Ticino,IR2UEI,IR2UEI B,IR2UEI G,430.950000,DUP+,0.000000,DV,OFF,88.5Hz,YES,Exact,45.467333,8.831000,+1:00
6,2 DV Lombardia,Lecco,IR2UDW,IR2UDW B,IR2UDW G,430.237500,DUP+,1.600000,DV,OFF,88.5Hz,YES,Exact,45.777167,9.458167,+1:00
6,2 DV Lombardia,Gorgonzola,IZ2NBD,IZ2NBD B,IZ2NBD G,430.912500,DUP+,0.000000,DV,OFF,88.5Hz,YES,Exact,45.529000,9.339000,--:--
6,2 DV Lombardia,Abbiategrasso,IZ2LPW,IZ2LPW C,IZ2LPW G,144.762500,DUP+,0.000000,DV,OFF,88.5Hz,YES,Exact,45.405667,8.922667,--:--
6,2 DV Lombardia,Cornaredo,IK2UCJ,IK2UCJ B,IK2UCJ G,440.000000,DUP+,0.000000,DV,OFF,88.5Hz,YES,Exact,45.518167,9.007500,--:--
6,2 DV Lombardia,Lodi,IZ2DDY,IZ2DDY B,IZ2DDY G,430.012500,DUP+,5.000000,DV,OFF,88.5Hz,YES,Exact,45.309833,9.505667,--:--
6,2 DV Lombardia,Sondrio,IR2UGU,IR2UGU B,IR2UGU G,430.200000,DUP+,1.600000,DV,OFF,88.5Hz,YES,Exact,46.185167,9.891167,--:--
6,2 DV Lombardia,Morbegno,IW2ESL,IW2ESL B,IW2ESL G,432.200000,DUP+,0.000000,DV,OFF,88.5Hz,YES,Exact,46.132167,9.581000,--:--
6,2 DV Lombardia,Caidate,IK2YYL,IK2YYL H,IK2YYL G,433.987500,DUP+,0.000000,DV,OFF,88.5Hz,YES,Exact,45.752000,8.785500,--:--
6,2 DV Lombardia,Casina Biscia,IZ2VIT,IZ2VIT B,IZ2VIT G,433.050000,DUP+,0.000000,DV,OFF,88.5Hz,YES,Exact,45.584667,9.076500,--:--
6,2 DV Lombardia,Settimo,IZ2VTO,IZ2VTO B,IZ2VTO G,433.125000,DUP+,0.000000,DV,OFF,88.5Hz,YES,Exact,45.490000,9.020000,--:--
6,2 DV Lombardia,Gorgonzola,IK2MLV,IK2MLV C,IK2MLV G,144.875000,DUP+,0.000000,DV,OFF,88.5Hz,YES,Exact,45.520000,9.373333,--:--
6,2 DV Lombardia,Melegnano,IW2GUI,IW2GUI B,IW2GUI G,435.275000,DUP+,0.000000,DV,OFF,88.5Hz,YES,Exact,45.355333,9.375667,--:--
6,2 DV Lombardia,Gallarate,IR2UEZ,IR2UEZ A,IR2UEZ G,1297.275000,DUP-,6.000000,DV,OFF,88.5Hz,YES,Exact,45.681667,8.818000,--:--
6,2 DV Lombardia,Paullo,IZ2IUT,IZ2IUT B,IZ2IUT G,432.825000,DUP+,0.000000,DV,OFF,88.5Hz,YES,Exact,45.415000,9.402167,--:--
6,2 DV Lombardia,Tremalzo,IK2ISX,IK2ISX B,IK2ISX G,430.575000,DUP+,5.000000,DV,OFF,88.5Hz,YES,Exact,45.837667,10.691500,--:--
7,2 FM Lombardia,M.Pora (BG),T,,,144.650000,OFF,0.000000,FM,OFF,88.5Hz,NO,None,0.000000,45.895833,--:--
7,2 FM Lombardia,Darfo (BS),T,,,145.212500,OFF,0.000000,FM,OFF,88.5Hz,NO,None,0.000000,45.854167,--:--
7,2 FM Lombardia,Pigra - Valle d',T,,,145.350000,OFF,0.000000,FM,OFF,88.5Hz,NO,None,0.000000,45.937500,--:--
7,2 FM Lombardia,Gallarate (VA),RV-1a,,,145.587500,DUP-,0.600000,FM,OFF,88.5Hz,NO,None,0.000000,45.687500,--:--
7,2 FM Lombardia,M.Maddalena (BS),R1,,,145.625000,DUP-,0.600000,FM,OFF,88.5Hz,NO,None,0.000000,45.562500,--:--
7,2 FM Lombardia,Gravedona ed Uni,R1a,,,145.637500,DUP-,0.600000,FM,OFF,88.5Hz,NO,None,0.000000,46.145833,--:--
7,2 FM Lombardia,M.Penice (PV),R2,,,145.650000,DUP-,0.600000,FM,OFF,88.5Hz,NO,None,0.000000,44.770833,--:--
7,2 FM Lombardia,Corni di Canzo (,R2a,,,145.662500,DUP-,0.600000,FM,OFF,88.5Hz,NO,None,0.000000,45.854167,--:--
7,2 FM Lombardia,Monte della Neve,R2a,,,145.662500,DUP-,0.600000,FM,OFF,88.5Hz,NO,None,0.000000,46.479167,--:--
7,2 FM Lombardia,San Felice del B,R3a,,,145.687500,DUP-,0.600000,FM,OFF,88.5Hz,NO,None,0.000000,45.604167,--:--
7,2 FM Lombardia,M.Rolla (SO),R3a,,,145.687500,DUP-,0.600000,FM,OFF,88.5Hz,NO,None,0.000000,46.187500,--:--
7,2 FM Lombardia,Azzano S.Paolo (,R4,,,145.700000,DUP-,0.600000,FM,OFF,88.5Hz,NO,None,0.000000,45.645833,--:--
7,2 FM Lombardia,Cigolino - Chiav,R4,,,145.700000,DUP-,0.600000,FM,OFF,88.5Hz,NO,None,0.000000,46.312500,--:--
7,2 FM Lombardia,M.Bisbino (CO),R4a,,,145.712500,DUP-,0.600000,FM,OFF,88.5Hz,NO,None,0.000000,45.854167,--:--
7,2 FM Lombardia,Milano - Pirelli,R5,,,145.725000,DUP-,0.600000,FM,OFF,88.5Hz,NO,None,0.000000,45.479167,--:--
7,2 FM Lombardia,Aprica -Magnolta,R5,,,145.725000,DUP-,0.600000,FM,OFF,88.5Hz,NO,None,0.000000,46.145833,--:--
7,2 FM Lombardia,Campo dei Fiori,R5a,,,145.737500,DUP-,0.600000,FM,OFF,88.5Hz,NO,None,0.000000,45.854167,--:--
7,2 FM Lombardia,Cernusco S.N. (M,R6,,,145.750000,DUP-,0.600000,FM,OFF,88.5Hz,NO,None,0.000000,45.520833,--:--
7,2 FM Lombardia,Sellero (BS),R6a,,,145.762500,DUP-,0.600000,FM,OFF,88.5Hz,NO,None,0.000000,46.062500,--:--
7,2 FM Lombardia,Madesimo (SO),R7,,,145.775000,DUP-,0.600000,FM,OFF,88.5Hz,NO,None,0.000000,46.437500,--:--
7,2 FM Lombardia,San Giovanni Bia,R7a,,,145.787500,DUP-,0.600000,FM,OFF,88.5Hz,NO,None,0.000000,45.895833,--:--
7,2 FM Lombardia,M.Boletto (CO),R7a,,,145.787500,DUP-,0.600000,FM,OFF,88.5Hz,NO,None,0.000000,45.812500,--:--
7,2 FM Lombardia,M.Penice (PV),RU3,,,430.075000,DUP+,1.600000,FM,OFF,88.5Hz,NO,None,0.000000,44.770833,--:--
7,2 FM Lombardia,Bergamo,RU6,,,430.150000,DUP+,1.600000,FM,OFF,88.5Hz,NO,None,0.000000,45.687500,--:--
7,2 FM Lombardia,M.Falecchio - On,RU6a,,,430.162500,DUP+,1.600000,FM,OFF,88.5Hz,NO,None,0.000000,45.895833,--:--
7,2 FM Lombardia,Milano - Pirelli,RU7,,,430.175000,DUP+,1.600000,FM,OFF,88.5Hz,NO,None,0.000000,45.479167,--:--
7,2 FM Lombardia,Roncola (BG),RU8,,,430.200000,DUP+,1.600000,FM,OFF,88.5Hz,NO,None,0.000000,45.729167,--:--
7,2 FM Lombardia,Milano - Missagl,RU10a,,,430.262500,DUP+,5.000000,FM,OFF,88.5Hz,NO,None,0.000000,45.437500,--:--
7,2 FM Lombardia,M. Guglielmo (BS,RU11,,,430.275000,DUP+,1.600000,FM,OFF,88.5Hz,NO,None,0.000000,45.770833,--:--
7,2 FM Lombardia,Civo (SO),RU11,,,430.275000,DUP+,5.000000,FM,OFF,88.5Hz,NO,None,0.000000,46.187500,--:--
7,2 FM Lombardia,Cermeledo (SO),RU12,,,430.300000,DUP+,5.000000,FM,OFF,88.5Hz,NO,None,0.000000,46.145833,--:--
7,2 FM Lombardia,Magenta (MI),RU12a,,,430.312500,DUP+,1.600000,FM,OFF,88.5Hz,NO,None,0.000000,45.479167,--:--
7,2 FM Lombardia,Roncola (BG),RU13,RU13,,430.325000,DUP+,1.600000,FM,OFF,88.5Hz,NO,None,0.000000,45.729167,--:--
7,2 FM Lombardia,M.Penice (PV),RU19,RU19,,431.300000,DUP+,1.600000,FM,OFF,88.5Hz,NO,None,0.000000,44.770833,--:--
7,2 FM Lombardia,Sacro Monte - Va,RU29a,RU29A,,431.562500,DUP+,1.600000,FM,OFF,88.5Hz,NO,None,0.000000,45.854167,--:--
7,2 FM Lombardia,Pigra - Valle d',T,,,433.512500,OFF,0.000000,FM,OFF,88.5Hz,NO,None,0.000000,45.937500,--:--
7,2 FM Lombardia,Darfo (BS),T,,,435.112500,OFF,0.000000,FM,OFF,88.5Hz,NO,None,0.000000,45.854167,--:--
8,3 DV Veneto,Belluno,IR3UI,IR3UIQ B,IR3UIQ G,431.600000,DUP+,1.600000,DV,OFF,88.5Hz,YES,Exact,46.081833,12.301833,+1:00
8,3 DV Veneto,Monselice Padova,IR3UE,IR3UEF B,IR3UEF G,442.000000,DUP+,5.000000,DV,OFF,88.5Hz,YES,Exact,45.253833,11.743000,+1:00
8,3 DV Veneto,Monselice Padova,IR3UE,IR3UEF C,IR3UEF G,145.615000,DUP+,0.000000,DV,OFF,88.5Hz,YES,Exact,45.253833,11.743000,+1:00
8,3 DV Veneto,Monselice Padova,IR3UE,IR3UEF A,IR3UEF G,1293.000000,DUP-,20.000000,DV,OFF,88.5Hz,YES,Exact,45.253833,11.743000,+1:00
8,3 DV Veneto,Santa Maria del,IZ3LC,IZ3LCI B,IZ3LCI G,431.487500,DUP+,0.000000,DV,OFF,88.5Hz,YES,Exact,45.348333,12.317667,--:--
8,3 DV Veneto,Sillian,IR3UA,IR3UAN B,IR3UAN G,430.587500,DUP+,5.000000,DV,OFF,88.5Hz,YES,Exact,46.715667,12.370000,--:--
8,3 DV Veneto,Arco,IW3HW,IW3HWH B,IW3HWH G,430.212500,DUP+,5.000000,DV,OFF,88.5Hz,YES,Exact,45.915000,10.873333,--:--
8,3 DV Veneto,San Dona di Piav,IR3UI,IR3UIV B,IR3UIV G,431.300000,DUP+,1.600000,DV,OFF,88.5Hz,YES,Exact,45.651667,12.591833,--:--
8,3 DV Veneto,Brugine,IW3HO,IW3HOD B,IW3HOD G,430.575000,DUP+,0.000000,DV,OFF,88.5Hz,YES,Exact,45.300167,11.989333,--:--
8,3 DV Veneto,Marghera,IW3HK,IW3HKL B,IW3HKL G,432.300000,DUP+,0.000000,DV,OFF,88.5Hz,YES,Exact,45.472000,12.219000,--:--
8,3 DV Veneto,Castelmassa,IU3FE,IU3FEN B,IU3FEN G,438.200000,DUP+,0.000000,DV,OFF,88.5Hz,YES,Exact,45.020000,11.318167,--:--
8,3 DV Veneto,Lendinara,IZ3WW,IZ3WWG B,IZ3WWG G,433.125000,DUP+,0.000000,DV,OFF,88.5Hz,YES,Exact,45.083667,11.614333,--:--
8,3 DV Veneto,Lughetto,IK3CS,IK3CSU B,IK3CSU G,435.300000,DUP+,0.000000,DV,OFF,88.5Hz,YES,Exact,45.380000,12.160000,--:--
8,3 DV Veneto,Mauro Saline VE,IR3UG,IR3UG  A,IR3UG  G,1297.100000,DUP-,30.000000,DV,OFF,88.5Hz,YES,Exact,45.579167,11.116000,--:--
8,3 DV Veneto,Mauro Saline VE,IR3UG,IR3UG  B,IR3UG  G,430.450000,DUP+,5.000000,DV,OFF,88.5Hz,YES,Exact,45.579167,11.116000,--:--
8,3 DV Veneto,Mauro Saline VE,IR3UG,IR3UG  C,IR3UG  G,144.862500,DUP-,1.000000,DV,OFF,88.5Hz,YES,Exact,45.579167,11.116000,--:--
9,3 FM Veneto,Val di Zoldo (BL,RV,,,144.887500,DUP+,0.600000,FM,OFF,88.5Hz,NO,None,0.000000,46.354167,--:--
9,3 FM Veneto,Monastier (TV),RV,,,144.950000,DUP+,0.600000,FM,OFF,88.5Hz,NO,None,0.000000,45.937500,--:--
9,3 FM Veneto,M.Marmolada (BL),T,,,145.287500,OFF,0.000000,FM,OFF,88.5Hz,NO,None,0.000000,46.437500,--:--
9,3 FM Veneto,Gosaldo (BL),T,,,145.350000,OFF,0.000000,FM,OFF,88.5Hz,NO,None,0.000000,46.229167,--:--
9,3 FM Veneto,Selva di Cadore,T,,,145.375000,OFF,0.000000,FM,OFF,88.5Hz,NO,None,0.000000,46.437500,--:--
9,3 FM Veneto,Cerealto (VI),RV,,,145.562500,DUP-,0.600000,FM,OFF,88.5Hz,NO,None,0.000000,45.604167,--:--
9,3 FM Veneto,M.Grappa (VI),R0a,,,145.612500,DUP-,0.600000,FM,OFF,88.5Hz,NO,None,0.000000,45.854167,--:--
9,3 FM Veneto,M.Tudaio - Laggi,R1,,,145.625000,DUP-,0.600000,FM,OFF,88.5Hz,NO,None,0.000000,46.520833,--:--
9,3 FM Veneto,Venezia,R1,,,145.625000,DUP-,0.600000,FM,OFF,88.5Hz,NO,None,0.000000,45.437500,--:--
9,3 FM Veneto,Malga M. Corno -,R3,,,145.675000,DUP-,0.600000,FM,OFF,88.5Hz,NO,None,0.000000,45.770833,--:--
9,3 FM Veneto,Bassano del Grap,R5,,,145.725000,DUP-,0.600000,FM,OFF,88.5Hz,NO,None,0.000000,45.770833,--:--
9,3 FM Veneto,Bosco Chiesa Nuo,R5,,,145.725000,DUP-,0.600000,FM,OFF,88.5Hz,NO,None,0.000000,45.604167,--:--
9,3 FM Veneto,M.Pastelletto (V,R7,,,145.775000,DUP-,0.600000,FM,OFF,88.5Hz,NO,None,0.000000,45.604167,--:--
9,3 FM Veneto,M.Rite (BL),R7a,,,145.787500,DUP-,0.600000,FM,OFF,88.5Hz,NO,None,0.000000,46.395833,--:--
9,3 FM Veneto,Belluno,RU1,,,430.025000,DUP+,1.600000,FM,OFF,88.5Hz,NO,None,0.000000,46.145833,--:--
9,3 FM Veneto,M.Grappa (VI),RU1,,,430.025000,DUP+,1.600000,FM,OFF,88.5Hz,NO,None,0.000000,45.812500,--:--
9,3 FM Veneto,M.Baldo (VR),RU2,,,430.050000,DUP+,5.025000,FM,OFF,88.5Hz,NO,None,0.000000,45.729167,--:--
9,3 FM Veneto,M.Rite (BL),RU2a,,,430.062500,DUP+,1.600000,FM,OFF,88.5Hz,NO,None,0.000000,46.479167,--:--
9,3 FM Veneto,Posa Puner (TV),RU5,,,430.125000,DUP+,1.600000,FM,OFF,88.5Hz,NO,None,0.000000,0.000000,--:--
9,3 FM Veneto,Col Visentin (TV,RU6a,,,430.162500,DUP+,1.600000,FM,OFF,88.5Hz,NO,None,0.000000,46.062500,--:--
9,3 FM Veneto,M.Faverghera (BL,RU7a,,,430.187500,DUP+,1.600000,FM,OFF,88.5Hz,NO,None,0.000000,46.062500,--:--
9,3 FM Veneto,Thiene (VI),RU8,,,430.200000,DUP+,1.600000,FM,OFF,88.5Hz,NO,None,0.000000,45.687500,--:--
9,3 FM Veneto,Verona,RU11,,,430.275000,DUP+,1.600000,FM,OFF,88.5Hz,NO,None,0.000000,45.437500,--:--
9,3 FM Veneto,Monte Grande (PD,RU11a,,,430.287500,DUP+,1.600000,FM,OFF,88.5Hz,NO,None,0.000000,45.312500,--:--
9,3 FM Veneto,M.Grappa (VI),RU13,,,430.325000,DUP+,1.600000,FM,OFF,88.5Hz,NO,None,0.000000,45.812500,--:--
9,3 FM Veneto,Campomolon (VI),RU14a,,,430.362500,DUP+,1.600000,FM,OFF,88.5Hz,NO,None,0.000000,45.854167,--:--
9,3 FM Veneto,M.Grappa (VI),RU15a,,,430.387500,DUP+,1.600000,FM,OFF,88.5Hz,NO,None,0.000000,45.812500,--:--
9,3 FM Veneto,M.Tomba (VR),RU,,,430.412500,DUP+,5.000000,FM,OFF,88.5Hz,NO,None,0.000000,45.687500,--:--
9,3 FM Veneto,Treviso,RU,,,430.500000,DUP+,5.000000,FM,OFF,88.5Hz,NO,None,0.000000,45.687500,--:--
9,3 FM Veneto,Lido di Venezia,RU,,,430.525000,DUP+,5.000000,FM,OFF,88.5Hz,NO,None,0.000000,45.354167,--:--
9,3 FM Veneto,Roana - Altpiano,RU,,,430.537500,DUP+,5.000000,FM,OFF,88.5Hz,NO,None,0.000000,45.895833,--:--
9,3 FM Veneto,Bassano del Grap,RU,,,430.587500,DUP+,5.000000,FM,OFF,88.5Hz,NO,None,0.000000,45.770833,--:--
9,3 FM Veneto,Enego (VI),RU,,,430.787500,DUP+,5.000000,FM,OFF,88.5Hz,NO,None,0.000000,45.937500,--:--
9,3 FM Veneto,Marostica,RU,,,430.825000,DUP+,5.000000,FM,OFF,88.5Hz,NO,None,0.000000,45.770833,--:--
9,3 FM Veneto,Monte Gallo - Co,RU,,,431.187500,DUP+,1.600000,FM,OFF,88.5Hz,NO,None,0.000000,45.312500,--:--
9,3 FM Veneto,Selva di Cadore,T,,,433.462500,OFF,0.000000,FM,OFF,88.5Hz,NO,None,0.000000,46.437500,--:--
9,3 FM Veneto,Gosaldo (BL),T,,,433.462500,OFF,0.000000,FM,OFF,88.5Hz,NO,None,0.000000,46.229167,--:--
9,3 FM Veneto,M.Marmolada (BL),T,,,433.987500,OFF,0.000000,FM,OFF,88.5Hz,NO,None,0.000000,46.437500,--:--
10,4 DV Emilia Roma,Forli,IR4UI,IR4UI  B,IR4UI  G,430.112500,DUP+,1.600000,DV,OFF,88.5Hz,YES,Exact,44.113833,12.004333,+1:00
10,4 DV Emilia Roma,Cervia,IR4UCF,IR4UCF B,IR4UCF G,430.300000,DUP+,5.000000,DV,OFF,88.5Hz,YES,Exact,44.252167,12.363833,+1:00
10,4 DV Emilia Roma,Cimone,IR4MO,IR4MO  C,IR4MO  G,145.562500,DUP-,0.600000,DV,OFF,88.5Hz,YES,Exact,44.198167,10.705500,+1:00
10,4 DV Emilia Roma,Ozzano,IU4OOP,IU4OOP B,IU4OOP G,432.775000,DUP+,0.000000,DV,OFF,88.5Hz,YES,Exact,44.445000,11.475833,--:--
10,4 DV Emilia Roma,San Marino,T79DV,T79DV  B,T79DV  G,431.487500,DUP+,1.600000,DV,OFF,88.5Hz,YES,None,0.000000,0.000000,--:--
10,4 DV Emilia Roma,Bologna,IR4UCA,IR4UCA B,IR4UCA G,430.650000,DUP+,5.000000,DV,OFF,88.5Hz,YES,Exact,44.496667,11.291167,--:--
11,4 FM Emilia Roma,Spilamberto (MO,T in,,,144.662500,OFF,0.000000,FM,OFF,88.5Hz,NO,None,0.000000,44.520833,--:--
11,4 FM Emilia Roma,Oriolo dei Fichi,T in,,,144.937500,OFF,0.000000,FM,OFF,88.5Hz,NO,None,0.000000,44.229167,--:--
11,4 FM Emilia Roma,Lama di Moccogno,R0,,,145.600000,DUP-,0.600000,FM,OFF,88.5Hz,NO,None,0.000000,44.270833,--:--
11,4 FM Emilia Roma,Rimini,R0,,,145.600000,DUP-,0.600000,FM,OFF,88.5Hz,NO,None,0.000000,44.062500,--:--
11,4 FM Emilia Roma,Modigliana (FC),R0a,,,145.612500,DUP-,0.600000,FM,OFF,88.5Hz,NO,None,0.000000,44.145833,--:--
11,4 FM Emilia Roma,Pianoro (BO),R1a,,,145.637500,DUP-,0.600000,FM,OFF,88.5Hz,NO,None,0.000000,44.437500,--:--
11,4 FM Emilia Roma,Bertinoro (FO),R2,,,145.650000,DUP-,0.600000,FM,OFF,88.5Hz,NO,None,0.000000,44.145833,--:--
11,4 FM Emilia Roma,Ferrara,R2,,,145.650000,DUP-,0.600000,FM,OFF,88.5Hz,NO,None,0.000000,44.812500,--:--
11,4 FM Emilia Roma,M.Coroncina (BO),R2a,,,145.662500,DUP-,0.600000,FM,OFF,88.5Hz,NO,None,0.000000,44.104167,--:--
11,4 FM Emilia Roma,Parma,R3,,,145.675000,DUP-,0.600000,FM,OFF,88.5Hz,NO,None,0.000000,44.812500,--:--
11,4 FM Emilia Roma,Castel Maggiore,R3a,,,145.687500,DUP-,0.600000,FM,OFF,88.5Hz,NO,None,0.000000,44.562500,--:--
11,4 FM Emilia Roma,M.Ghebbio (RA),R4a,,,145.712500,DUP-,0.600000,FM,OFF,88.5Hz,NO,None,0.000000,44.270833,--:--
11,4 FM Emilia Roma,Casina (RE),R4a,,,145.712500,DUP-,0.600000,FM,OFF,88.5Hz,NO,None,0.000000,44.520833,--:--
11,4 FM Emilia Roma,Montovolo (BO),R5,,,145.725000,DUP-,0.600000,FM,OFF,88.5Hz,NO,None,0.000000,44.229167,--:--
11,4 FM Emilia Roma,M.Fumaiolo (FO),R5a,,,145.737500,DUP-,0.600000,FM,OFF,88.5Hz,NO,None,0.000000,43.770833,--:--
11,4 FM Emilia Roma,M.Cimone (MO),R6a,,,145.762500,DUP-,0.600000,FM,OFF,88.5Hz,NO,None,0.000000,44.187500,--:--
11,4 FM Emilia Roma,Casina (RE),RU0a,,,430.012500,DUP+,1.600000,FM,OFF,88.5Hz,NO,None,0.000000,44.520833,--:--
11,4 FM Emilia Roma,Barbiano (BO),RU1a,RU1A,,430.037500,DUP+,1.600000,FM,OFF,88.5Hz,NO,None,0.000000,44.437500,--:--
11,4 FM Emilia Roma,Montagnana (MO),RU2a,,,430.062500,DUP+,1.600000,FM,OFF,88.5Hz,NO,None,0.000000,44.479167,--:--
11,4 FM Emilia Roma,M.Trebbio (FO),RU3,,,430.075000,DUP+,1.600000,FM,OFF,88.5Hz,NO,None,0.000000,44.145833,--:--
11,4 FM Emilia Roma,Ferrara,RU3a,,,430.087500,DUP+,1.600000,FM,OFF,88.5Hz,NO,None,0.000000,44.854167,--:--
11,4 FM Emilia Roma,M.Cassio (PR),RU5,,,430.125000,DUP+,1.600000,FM,OFF,88.5Hz,NO,None,0.000000,44.604167,--:--
11,4 FM Emilia Roma,Bagnacavallo (RA,RU5,,,430.125000,DUP+,1.600000,FM,OFF,88.5Hz,NO,None,0.000000,44.437500,--:--
11,4 FM Emilia Roma,Pianoro (BO),RU7,,,430.175000,DUP+,1.600000,FM,OFF,88.5Hz,NO,None,0.000000,44.437500,--:--
11,4 FM Emilia Roma,Gropparello (PC),RU9,,,430.225000,DUP+,1.600000,FM,OFF,88.5Hz,NO,None,0.000000,44.854167,--:--
11,4 FM Emilia Roma,M.Pepi - Bedonia,RU13,,,430.325000,DUP+,1.600000,FM,OFF,88.5Hz,NO,None,0.000000,0.000000,--:--
11,4 FM Emilia Roma,Parma,RU14,RU14,,430.350000,DUP+,1.600000,FM,OFF,88.5Hz,NO,None,0.000000,44.812500,--:--
11,4 FM Emilia Roma,Casalgrande (RE),RU15,RU15,,430.375000,DUP+,1.600000,FM,OFF,88.5Hz,NO,None,0.000000,44.562500,--:--
11,4 FM Emilia Roma,Casella - Ozzano,RU,,,430.562500,DUP+,5.000000,FM,OFF,88.5Hz,NO,None,0.000000,44.354167,--:--
11,4 FM Emilia Roma,M.Canate (PR),RU,,,430.725000,DUP+,4.675000,FM,OFF,88.5Hz,NO,None,0.000000,44.770833,--:--
11,4 FM Emilia Roma,Cesenatico (FC),RU18,RU18,,431.275000,DUP+,1.600000,FM,OFF,88.5Hz,NO,None,0.000000,44.187500,--:--
11,4 FM Emilia Roma,Colli Piacentini,RU18,,,431.275000,DUP+,1.600000,FM,OFF,88.5Hz,NO,None,0.000000,44.812500,--:--
11,4 FM Emilia Roma,Montovolo (BO),RU19a,RU19A,,431.312500,DUP+,1.600000,FM,OFF,88.5Hz,NO,None,0.000000,44.229167,--:--
11,4 FM Emilia Roma,M.Molinatico (PR,RU21,RU21,,431.350000,DUP+,1.600000,FM,OFF,88.5Hz,NO,None,0.000000,44.479167,--:--
11,4 FM Emilia Roma,Modigliana (FC),RU24a,RU24A,,431.437500,DUP+,1.600000,FM,OFF,88.5Hz,NO,None,0.000000,44.145833,--:--
11,4 FM Emilia Roma,Spilamberto (MO,T out,,,432.637500,OFF,0.000000,FM,OFF,88.5Hz,NO,None,0.000000,44.520833,--:--
12,5 DV Toscana,Fiesole FI,IR5AY,IR5AY  C,IR5AY  G,145.575000,DUP-,0.600000,DV,OFF,88.5Hz,YES,Exact,43.804333,11.297017,+1:00
12,5 DV Toscana,P Castiglioni P,IR5UBO,IR5UBO B,IR5UBO G,430.275000,DUP+,1.600000,DV,OFF,88.5Hz,YES,Exact,43.873167,11.136517,+1:00
12,5 DV Toscana,M. Giovi Firenze,IR5AN,IR5AN  C,IR5AN  G,144.925000,DUP-,0.000000,DV,OFF,88.5Hz,YES,Exact,43.875400,11.451433,+1:00
12,5 DV Toscana,M. Giovi Firenze,IR5AN,IR5AN  B,IR5AN  G,430.800000,DUP+,5.000000,DV,OFF,88.5Hz,YES,Exact,43.875400,11.451433,+1:00
12,5 DV Toscana,Montecarlo LU,IR5UCL,IR5UCL B,IR5UCL G,431.562500,DUP+,1.600000,DV,OFF,88.5Hz,YES,Exact,43.860000,10.667500,+1:00
12,5 DV Toscana,M. Cascetto LU,IR5UBS,IR5UBS B,IR5UBS G,431.425000,DUP+,1.600000,DV,OFF,88.5Hz,YES,Exact,43.760500,10.550000,+1:00
12,5 DV Toscana,Siena,IZ5OQO,IZ5OQO B,IZ5OQO G,433.650000,DUP-,0.000000,DV,OFF,88.5Hz,YES,Exact,43.314333,11.328167,+1:00
12,5 DV Toscana,Foenna *,IU5FFN,IU5FFN B,IU5FFN G,430.612500,DUP+,5.000000,DV,OFF,88.5Hz,YES,Exact,43.194500,11.791000,--:--
12,5 DV Toscana,Migliana,IR5UDV,IR5UDV B,IR5UDV G,430.900000,DUP+,5.000000,DV,OFF,88.5Hz,YES,Exact,43.990833,11.101167,--:--
13,5 FM Toscana,Val Bisenzio (PO,T,,,144.562500,OFF,0.000000,FM,OFF,88.5Hz,NO,None,0.000000,44.020833,--:--
13,5 FM Toscana,M.Amiata (GR),T in,,,144.625000,OFF,0.000000,FM,OFF,88.5Hz,NO,None,0.000000,42.895833,--:--
13,5 FM Toscana,Campiglia Maritt,T,,,144.675000,OFF,0.000000,FM,OFF,88.5Hz,NO,None,0.000000,43.062500,--:--
13,5 FM Toscana,Val Bisenzio (PO,T,,,144.687500,OFF,0.000000,FM,OFF,88.5Hz,NO,None,0.000000,0.000000,--:--
13,5 FM Toscana,Campi (SI),T,,,144.687500,OFF,0.000000,FM,OFF,88.5Hz,NO,None,0.000000,43.395833,--:--
13,5 FM Toscana,Treggiaia Ponted,RV,,,145.537500,DUP-,0.600000,FM,OFF,88.5Hz,NO,None,0.000000,0.000000,--:--
13,5 FM Toscana,M.Amiata (GR),RV-1a,,,145.587500,DUP-,0.600000,FM,OFF,88.5Hz,NO,None,0.000000,0.000000,--:--
13,5 FM Toscana,M.Faggeta (AR),R0a,,,145.612500,DUP-,0.600000,FM,OFF,88.5Hz,NO,None,0.000000,43.604167,--:--
13,5 FM Toscana,Montenero (LI),R1,,,145.625000,DUP-,0.600000,FM,OFF,88.5Hz,NO,None,0.000000,43.479167,--:--
13,5 FM Toscana,Val Bisenzio (PO,R1,,,145.625000,DUP-,0.600000,FM,OFF,88.5Hz,NO,None,0.000000,0.000000,--:--
13,5 FM Toscana,M.Amiata (GR),R2,,,145.650000,DUP-,0.600000,FM,OFF,88.5Hz,NO,None,0.000000,42.895833,--:--
13,5 FM Toscana,Montieri (GR),R3,,,145.675000,DUP-,0.600000,FM,OFF,88.5Hz,NO,None,0.000000,43.145833,--:--
13,5 FM Toscana,Campocecina (MS),R3a,,,145.687500,DUP-,0.600000,FM,OFF,88.5Hz,NO,None,0.000000,44.104167,--:--
13,5 FM Toscana,M.Labro (GR),R4a,,,145.712500,DUP-,0.600000,FM,OFF,88.5Hz,NO,None,0.000000,42.812500,--:--
13,5 FM Toscana,San Vincenzo (LI,R5,,,145.725000,DUP-,0.600000,FM,OFF,88.5Hz,NO,None,0.000000,43.104167,--:--
13,5 FM Toscana,Prato (PO),R5,,,145.725000,DUP-,0.600000,FM,OFF,88.5Hz,NO,None,0.000000,43.812500,--:--
13,5 FM Toscana,Poggio Valicaia,R5a,,,145.737500,DUP-,0.600000,FM,OFF,88.5Hz,NO,None,0.000000,43.770833,--:--
13,5 FM Toscana,Cima del Monte -,R5a,,,145.737500,DUP-,0.600000,FM,OFF,88.5Hz,NO,None,0.000000,0.000000,--:--
13,5 FM Toscana,M.Secchieta (FI),R6,,,145.750000,DUP-,0.600000,FM,OFF,88.5Hz,NO,None,0.000000,43.729167,--:--
13,5 FM Toscana,Campocecina (MS),R6,,,145.750000,DUP-,0.600000,FM,OFF,88.5Hz,NO,None,0.000000,44.104167,--:--
13,5 FM Toscana,Seravezza (LU),R7,,,145.775000,DUP-,0.600000,FM,OFF,88.5Hz,NO,None,0.000000,44.020833,--:--
13,5 FM Toscana,Siena,R7,,,145.775000,DUP-,0.600000,FM,OFF,88.5Hz,NO,None,0.000000,43.395833,--:--
13,5 FM Toscana,M.Secchieta (FI),R7a,,,145.787500,DUP-,0.600000,FM,OFF,88.5Hz,NO,None,0.000000,43.729167,--:--
13,5 FM Toscana,M.Oppio - San Ma,RU1,,,430.025000,DUP+,1.600000,FM,OFF,88.5Hz,NO,None,0.000000,0.000000,--:--
13,5 FM Toscana,Campocecina (MS),RU3a,,,430.087500,DUP+,1.600000,FM,OFF,88.5Hz,NO,None,0.000000,44.104167,--:--
13,5 FM Toscana,M.Secchieta (FI),RU4,RU4,,430.100000,DUP+,1.600000,FM,OFF,88.5Hz,NO,None,0.000000,43.729167,--:--
13,5 FM Toscana,M.Grosso (MS),RU4a,,,430.112500,DUP+,1.600000,FM,OFF,88.5Hz,NO,None,0.000000,44.229167,--:--
13,5 FM Toscana,M.Faggeta (AR),RU5,,,430.125000,DUP+,1.600000,FM,OFF,88.5Hz,NO,None,0.000000,43.604167,--:--
13,5 FM Toscana,Grosseto,RU5,,,430.125000,DUP+,5.000000,FM,OFF,88.5Hz,NO,None,0.000000,42.812500,--:--
13,5 FM Toscana,Campocecina (MS),RU6,,,430.150000,DUP+,1.600000,FM,OFF,88.5Hz,NO,None,0.000000,44.104167,--:--
13,5 FM Toscana,Poggio Alberacci,RU8a,,,430.212500,DUP+,1.600000,FM,OFF,88.5Hz,NO,None,0.000000,43.770833,--:--
13,5 FM Toscana,Zeri -M.Fabei (M,RU9a,RU9A,,430.237500,DUP+,5.000000,FM,OFF,88.5Hz,NO,None,0.000000,0.000000,--:--
13,5 FM Toscana,Frascole-Dicoman,RU12,,,430.300000,DUP+,1.600000,FM,OFF,88.5Hz,NO,None,0.000000,43.895833,--:--
13,5 FM Toscana,Monte Meto (LU),RU12a,,,430.312500,DUP+,5.000000,FM,OFF,88.5Hz,NO,None,0.000000,43.895833,--:--
13,5 FM Toscana,Civitella della,RU13,,,430.325000,DUP+,1.600000,FM,OFF,88.5Hz,NO,None,0.000000,43.437500,--:--
13,5 FM Toscana,Poggio Valicaia,RU13,,,430.325000,DUP+,1.600000,FM,OFF,88.5Hz,NO,None,0.000000,43.729167,--:--
13,5 FM Toscana,M.Aquilaia (GR),RU14,,,430.350000,DUP+,5.000000,FM,OFF,88.5Hz,NO,None,0.000000,42.854167,--:--
13,5 FM Toscana,Poggio Firenze (,RU14a,,,430.362500,DUP+,1.600000,FM,OFF,88.5Hz,NO,None,0.000000,43.687500,--:--
13,5 FM Toscana,Cortona (AR),RU,,,430.400000,DUP+,5.000000,FM,OFF,88.5Hz,NO,None,0.000000,43.270833,--:--
13,5 FM Toscana,Val Bisenzio (PO,RU,,,430.400000,DUP+,5.000000,FM,OFF,88.5Hz,NO,None,0.000000,0.000000,--:--
13,5 FM Toscana,Val Bisenzio (PO,RU,,,430.425000,DUP+,5.000000,FM,OFF,88.5Hz,NO,None,0.000000,0.000000,--:--
13,5 FM Toscana,Volterra (PI),RU,,,430.450000,DUP+,5.000000,FM,OFF,88.5Hz,NO,None,0.000000,0.000000,--:--
13,5 FM Toscana,Treggiaia (PI),RU,,,430.475000,DUP+,5.000000,FM,OFF,88.5Hz,NO,None,0.000000,0.000000,--:--
13,5 FM Toscana,M.Amiata (GR),RU,,,430.500000,DUP+,5.000000,FM,OFF,88.5Hz,NO,None,0.000000,42.895833,--:--
13,5 FM Toscana,Monte Capanne- E,RU,,,430.525000,DUP+,5.000000,FM,OFF,88.5Hz,NO,None,0.000000,42.770833,--:--
13,5 FM Toscana,Casalguidi (PT),RU,,,430.525000,DUP+,5.000000,FM,OFF,88.5Hz,NO,None,0.000000,43.854167,--:--
13,5 FM Toscana,Monte Caselle (L,RU,,,430.650000,DUP+,5.000000,FM,OFF,88.5Hz,NO,None,0.000000,42.937500,--:--
13,5 FM Toscana,Val Bisenzio (PO,RU,,,430.700000,DUP+,5.000000,FM,OFF,88.5Hz,NO,None,0.000000,0.000000,--:--
13,5 FM Toscana,Val Bisenzio (PO,RU,,,430.725000,DUP+,5.000000,FM,OFF,88.5Hz,NO,None,0.000000,0.000000,--:--
13,5 FM Toscana,Val Bisenzio (PO,RU15a,,,430.750000,DUP+,5.000000,FM,OFF,88.5Hz,NO,None,0.000000,0.000000,--:--
13,5 FM Toscana,Monte Giovi - Vi,RU,,,430.850000,DUP+,5.000000,FM,OFF,88.5Hz,NO,None,0.000000,0.000000,--:--
13,5 FM Toscana,Val Bisenzio (PO,T,,,430.987500,OFF,0.000000,FM,OFF,88.5Hz,NO,None,0.000000,44.020833,--:--
13,5 FM Toscana,Poggio Ciliegio,RU16,RU16,,431.225000,DUP+,1.600000,FM,OFF,88.5Hz,NO,None,0.000000,43.812500,--:--
13,5 FM Toscana,Poggio Ciliegio,RU21,,,431.350000,DUP+,1.600000,FM,OFF,88.5Hz,NO,None,0.000000,43.812500,--:--
13,5 FM Toscana,M.Labro (GR),RU24,,,431.425000,DUP+,1.600000,FM,OFF,88.5Hz,NO,None,0.000000,42.812500,--:--
13,5 FM Toscana,M.Serra (LU),RU31a,RU31A,,431.612500,DUP+,1.600000,FM,OFF,88.5Hz,NO,None,0.000000,43.770833,--:--
13,5 FM Toscana,Campiglia Maritt,T,,,432.675000,OFF,0.000000,FM,OFF,88.5Hz,NO,None,0.000000,43.062500,--:--
13,5 FM Toscana,Campi (SI),T,,,432.687500,OFF,0.000000,FM,OFF,88.5Hz,NO,None,0.000000,43.395833,--:--
14,7 DV Puglia,Nardo,IZ7ZI,IZ7ZIT B,IZ7ZIT G,430.600000,DUP+,5.000000,DV,OFF,88.5Hz,YES,Exact,40.173000,18.034667,+1:00
14,7 DV Puglia,Bari,I7WAN,I7WAN  B,I7WAN  G,431.500000,DUP+,0.000000,DV,OFF,88.5Hz,YES,Exact,41.103833,16.886333,+1:00
14,7 DV Puglia,Casamas,IU7LT,IU7LTM B,IU7LTM G,430.375000,DUP+,5.000000,DV,OFF,88.5Hz,YES,Exact,40.901167,16.839667,+1:00
14,7 DV Puglia,Bari,IR7UB,IR7UBX B,IR7UBX G,430.000000,DUP+,5.000000,DV,OFF,88.5Hz,YES,Exact,41.088000,16.868000,+1:00
14,7 DV Puglia,Spinazz,IZ7UN,IZ7UNM B,IZ7UNM G,431.100000,DUP+,0.000000,DV,OFF,88.5Hz,YES,Approximate,41.000000,16.000000,+1:00
14,7 DV Puglia,Bari,IR7UB,IR7UBX C,IR7UBX G,145.575000,DUP-,0.600000,DV,OFF,88.5Hz,YES,Exact,41.088000,16.868000,+1:00
14,7 DV Puglia,Racale,IZ7NS,IZ7NSD B,IZ7NSD G,432.325000,DUP+,0.000000,DV,OFF,88.5Hz,YES,Exact,39.964833,18.124333,+1:00
14,7 DV Puglia,Alliste,IR7UB,IR7UBL B,IR7UBL G,430.012500,DUP+,5.000000,DV,OFF,88.5Hz,YES,Exact,39.944667,18.090833,+1:00
14,7 DV Puglia,Alliste,IW7EH,IW7EHM B,IW7EHM G,432.800000,DUP+,0.000000,DV,OFF,88.5Hz,YES,Exact,39.941833,18.083667,+1:00
14,7 DV Puglia,Neviano,IR7UB,IR7UBP B,IR7UBP G,430.500000,DUP+,5.000000,DV,OFF,88.5Hz,YES,Exact,40.107167,18.110833,+1:00
14,7 DV Puglia,Lecce,IR7UB,IR7UBY B,IR7UBY G,430.425000,DUP+,5.000000,DV,OFF,88.5Hz,YES,Exact,40.331500,18.173667,+1:00
14,7 DV Puglia,Taranto,IR7UC,IR7UC  B,IR7UC  G,430.100000,DUP+,5.000000,DV,OFF,88.5Hz,YES,Exact,40.583333,17.170667,+1:00
14,7 DV Puglia,Parabita,IR7UE,IR7UE  B,IR7UE  G,430.050000,DUP+,1.600000,DV,OFF,88.5Hz,YES,Exact,40.063000,18.144000,--:--
14,7 DV Puglia,Bari,IZ7JR,IZ7JRR B,IZ7JRR G,430.400000,DUP+,5.000000,DV,OFF,88.5Hz,YES,Exact,41.090000,16.827167,--:--
14,7 DV Puglia,Casamassima,IR7UB,IR7UBA B,IR7UBA G,430.300000,DUP+,5.000000,DV,OFF,88.5Hz,YES,Exact,40.976500,16.919167,--:--
14,7 DV Puglia,Casamassima,IR7UB,IR7UBA C,IR7UBA G,145.612500,DUP-,0.600000,DV,OFF,88.5Hz,YES,Exact,40.976500,16.919167,--:--
15,7 FM Puglia,Mola di Bari (BA,R0,,,145.600000,DUP-,0.600000,FM,OFF,88.5Hz,NO,None,0.000000,41.062500,--:--
15,7 FM Puglia,Cassano Murge (B,R0a,,,145.612500,DUP-,0.600000,FM,OFF,88.5Hz,NO,None,0.000000,40.895833,--:--
15,7 FM Puglia,Sava,R0a,,,145.612500,DUP-,0.600000,FM,OFF,88.5Hz,NO,None,0.000000,40.395833,--:--
15,7 FM Puglia,Molfetta -Zona A,R1,,,145.625000,DUP-,0.600000,FM,OFF,88.5Hz,NO,None,0.000000,41.229167,--:--
15,7 FM Puglia,Montesardo (LE),R1,,,145.625000,DUP-,0.600000,FM,OFF,88.5Hz,NO,None,0.000000,39.854167,--:--
15,7 FM Puglia,Martinafranca (T,R1a,,,145.637500,DUP-,0.600000,FM,OFF,88.5Hz,NO,None,0.000000,40.687500,--:--
15,7 FM Puglia,Statte (TA),R2,,,145.650000,DUP-,0.600000,FM,OFF,88.5Hz,NO,None,0.000000,40.562500,--:--
15,7 FM Puglia,Minervino Murge,R2a,,,145.662500,DUP-,0.600000,FM,OFF,88.5Hz,NO,None,0.000000,41.104167,--:--
15,7 FM Puglia,Taranto,R3,,,145.675000,DUP-,0.600000,FM,OFF,88.5Hz,NO,None,0.000000,40.479167,--:--
15,7 FM Puglia,Bari,R4a,,,145.712500,DUP-,0.600000,FM,OFF,88.5Hz,NO,None,0.000000,41.104167,--:--
15,7 FM Puglia,Selva di Fasano,R5,,,145.725000,DUP-,0.600000,FM,OFF,88.5Hz,NO,None,0.000000,40.854167,--:--
15,7 FM Puglia,Castellaneta (TA,R5,,,145.725000,DUP-,0.600000,FM,OFF,88.5Hz,NO,None,0.000000,40.604167,--:--
15,7 FM Puglia,Minervino Murge,R5a,,,145.737500,DUP-,0.600000,FM,OFF,88.5Hz,NO,None,0.000000,41.104167,--:--
15,7 FM Puglia,Mottola (TA),R6a,,,145.762500,DUP-,0.600000,FM,OFF,88.5Hz,NO,None,0.000000,40.645833,--:--
15,7 FM Puglia,M.Nero (FG),R7,,,145.775000,DUP-,0.600000,FM,OFF,88.5Hz,NO,None,0.000000,41.729167,--:--
15,7 FM Puglia,Lecce,R7a,,,145.787500,DUP-,0.600000,FM,OFF,88.5Hz,NO,None,0.000000,0.000000,--:--
15,7 FM Puglia,Lecce,R7a,,,145.787500,DUP-,0.600000,FM,OFF,88.5Hz,NO,None,0.000000,40.312500,--:--
15,7 FM Puglia,Bari,RU2,,,430.050000,DUP+,5.000000,FM,OFF,88.5Hz,NO,None,0.000000,41.104167,--:--
15,7 FM Puglia,Mottola (TA),RU3,,,430.075000,DUP+,1.600000,FM,OFF,88.5Hz,NO,None,0.000000,40.687500,--:--
15,7 FM Puglia,Minervino Murge,RU5,,,430.125000,DUP+,1.600000,FM,OFF,88.5Hz,NO,None,0.000000,41.104167,--:--
15,7 FM Puglia,Cassano Murge (B,RU6,,,430.150000,DUP+,1.600000,FM,OFF,88.5Hz,NO,None,0.000000,40.895833,--:--
15,7 FM Puglia,Mola di Bari (BA,RU7,,,430.175000,DUP+,1.600000,FM,OFF,88.5Hz,NO,None,0.000000,41.062500,--:--
15,7 FM Puglia,Monte Sant'Angel,RU7,,,430.175000,DUP+,1.600000,FM,OFF,88.5Hz,NO,None,0.000000,41.854167,--:--
15,7 FM Puglia,Ginosa (TA),RU8,,,430.200000,DUP+,5.000000,FM,OFF,88.5Hz,NO,None,0.000000,40.562500,--:--
15,7 FM Puglia,M.S.Angelo (FG),RU9,,,430.225000,DUP+,1.600000,FM,OFF,88.5Hz,NO,None,0.000000,41.687500,--:--
15,7 FM Puglia,Giovinazzo (BA),RU9a,,,430.237500,DUP+,1.600000,FM,OFF,88.5Hz,NO,None,0.000000,41.187500,--:--
15,7 FM Puglia,Rutigliano (BA),RU10,,,430.250000,DUP+,1.600000,FM,OFF,88.5Hz,NO,None,0.000000,41.020833,--:--
15,7 FM Puglia,Bari,RU14,,,430.350000,DUP+,1.600000,FM,OFF,88.5Hz,NO,None,0.000000,41.020833,--:--
16,N3 DV Trentino,M. Kronplatz,IR3DV,IR3DV  B,IR3DV  G,431.525000,DUP+,1.600000,DV,OFF,88.5Hz,YES,Exact,46.740000,11.959833,+1:00
16,N3 DV Trentino,Val di Non,IN3IZQ,IN3IZQ C,IN3IZQ G,144.925000,DUP-,0.000000,DV,OFF,88.5Hz,YES,Exact,46.408667,11.012167,+1:00
16,N3 DV Trentino,V. B. Stenico,IN3MYW,IN3MYW C,IN3MYW G,145.362500,DUP-,0.000000,DV,OFF,88.5Hz,YES,Exact,46.047000,10.886167,+1:00
16,N3 DV Trentino,Predonico,IR3UGM,IR3UGM B,IR3UGM G,431.525000,DUP+,1.600000,DV,OFF,88.5Hz,YES,Exact,46.493833,11.210333,--:--
16,N3 DV Trentino,Val Pusteria,IN3DOV,IN3DOV B,IN3DOV G,434.000000,DUP+,0.000000,DV,OFF,88.5Hz,YES,Exact,46.806667,11.836333,--:--
16,N3 DV Trentino,Preghena,IN3IZQ,IN3IZQ B,IN3IZQ G,433.500000,DUP+,0.000000,DV,OFF,88.5Hz,YES,Exact,46.409000,11.012500,--:--
16,N3 DV Trentino,Trento,IW3BYL,IW3BYL B,IW3BYL G,430.500000,DUP+,5.000000,DV,OFF,88.5Hz,YES,Exact,46.085500,11.145500,--:--
16,N3 DV Trentino,Casanova,IN3AVB,IN3AVB B,IN3AVB G,431.475000,DUP+,0.000000,DV,OFF,88.5Hz,YES,Exact,46.481500,11.310000,--:--
17,N3 FM Trentino,M.Macaion (BZ),T,,,145.312500,OFF,0.000000,FM,OFF,88.5Hz,NO,None,0.000000,46.687500,--:--
17,N3 FM Trentino,Valle di Ledro (,RV,,,145.550000,DUP-,0.600000,FM,OFF,88.5Hz,NO,None,0.000000,45.895833,--:--
17,N3 FM Trentino,M.Seceda (BZ),T,,,145.562500,OFF,0.000000,FM,OFF,88.5Hz,NO,None,0.000000,46.479167,--:--
17,N3 FM Trentino,Polsa di Brenton,R1,,,145.625000,DUP-,0.600000,FM,OFF,88.5Hz,NO,None,0.000000,45.770833,--:--
17,N3 FM Trentino,M.Panarotta (TN),R1a,,,145.637500,DUP-,0.600000,FM,OFF,88.5Hz,NO,None,0.000000,46.062500,--:--
17,N3 FM Trentino,M.Telegrafo (BZ),R3,,,145.675000,DUP-,0.600000,FM,OFF,88.5Hz,NO,None,0.000000,46.687500,--:--
17,N3 FM Trentino,Castel Ivano (TN,R3,,,145.675000,DUP-,0.600000,FM,OFF,88.5Hz,NO,None,0.000000,46.062500,--:--
17,N3 FM Trentino,Roncone,R4,,,145.700000,DUP-,0.600000,FM,OFF,88.5Hz,NO,None,0.000000,45.979167,--:--
17,N3 FM Trentino,M.Hirzer (BZ),R5,,,145.725000,DUP-,0.600000,FM,OFF,88.5Hz,NO,None,0.000000,46.729167,--:--
17,N3 FM Trentino,M.Agaro (TN),R5a,,,145.737500,DUP-,0.600000,FM,OFF,88.5Hz,NO,None,0.000000,46.104167,--:--
17,N3 FM Trentino,M.Bondone (TN),R6,,,145.750000,DUP-,0.600000,FM,OFF,88.5Hz,NO,None,0.000000,46.062500,--:--
17,N3 FM Trentino,M.Macaion (BZ),R7,,,145.775000,DUP-,0.600000,FM,OFF,88.5Hz,NO,None,0.000000,46.479167,--:--
17,N3 FM Trentino,Cima Palon-M.Bon,RU4a,RU4A,,430.112500,DUP+,5.000000,FM,OFF,88.5Hz,NO,None,0.000000,46.020833,--:--
17,N3 FM Trentino,M. Finonchio (TN,RU8,,,430.200000,DUP+,5.000000,FM,OFF,88.5Hz,NO,None,0.000000,45.937500,--:--
17,N3 FM Trentino,M.Seceda (BZ),T,,,435.025000,OFF,0.000000,FM,OFF,88.5Hz,NO,None,0.000000,46.604167,--:--
18,V3 DV Friuli,Trieste,IR3UIC,IR3UIC B,IR3UIC G,433.150000,DUP-,1.600000,DV,OFF,88.5Hz,YES,Exact,45.650667,13.768000,+1:00
18,V3 DV Friuli,Fontanafredda,IR3UBK,IR3UBK B,IR3UBK G,430.550000,DUP+,5.000000,DV,OFF,88.5Hz,YES,Exact,46.137500,12.570000,+1:00
18,V3 DV Friuli,Udine,IR3UBZ,IR3UBZ B,IR3UBZ G,433.025000,DUP-,1.600000,DV,OFF,88.5Hz,YES,Exact,46.057667,13.248000,+1:00
18,V3 DV Friuli,Trieste,IR3UEZ,IR3UEZ B,IR3UEZ G,431.450000,DUP+,1.600000,DV,OFF,88.5Hz,YES,Exact,45.692833,13.749500,+1:00
18,V3 DV Friuli,Pordenone,IR3UIB,IR3UIB B,IR3UIB G,433.125000,DUP-,1.600000,DV,OFF,88.5Hz,YES,Exact,46.006833,12.435667,+1:00
19,V3 FM Friuli,Muggia (TS),R0,,,145.600000,DUP-,0.600000,FM,OFF,88.5Hz,NO,None,0.000000,45.604167,--:--
19,V3 FM Friuli,Latisana (UD),R0a,,,145.612500,DUP-,0.600000,FM,OFF,88.5Hz,NO,None,0.000000,45.770833,--:--
19,V3 FM Friuli,Cividale del Fri,R1a,,,145.637500,DUP-,0.600000,FM,OFF,88.5Hz,NO,None,0.000000,46.187500,--:--
19,V3 FM Friuli,Gorizia,R2a,,,145.662500,DUP-,0.600000,FM,OFF,88.5Hz,NO,None,0.000000,45.937500,--:--
19,V3 FM Friuli,M.Lussari (UD),R2a,,,145.662500,DUP-,0.600000,FM,OFF,88.5Hz,NO,None,0.000000,46.479167,--:--
19,V3 FM Friuli,M.Verzegnis (UD),R3a,,,145.687500,DUP-,0.600000,FM,OFF,88.5Hz,NO,None,0.000000,46.354167,--:--
19,V3 FM Friuli,M.San Simeone (U,R5,,,145.725000,DUP-,0.600000,FM,OFF,88.5Hz,NO,None,0.000000,46.354167,--:--
19,V3 FM Friuli,M.Jouf (PN),R7,,,145.775000,DUP-,0.600000,FM,OFF,88.5Hz,NO,None,0.000000,46.187500,--:--
19,V3 FM Friuli,M.Jouf (PN),RU1,,,430.025000,DUP+,1.600000,FM,OFF,88.5Hz,NO,None,0.000000,46.187500,--:--
19,V3 FM Friuli,Reana (UD),RU7,,,430.175000,DUP+,1.600000,FM,OFF,88.5Hz,NO,None,0.000000,46.145833,--:--
19,V3 FM Friuli,Tolmezzo (UD),RU8,,,430.200000,DUP+,1.600000,FM,OFF,88.5Hz,NO,None,0.000000,46.437500,--:--
19,V3 FM Friuli,M.Jouf (PN),RU10,,,430.250000,DUP+,1.600000,FM,OFF,88.5Hz,NO,None,0.000000,46.187500,--:--
19,V3 FM Friuli,M.Zoncolan (UD),T,,,430.437500,OFF,0.000000,FM,OFF,88.5Hz,NO,None,0.000000,46.520833,--:--
19,V3 FM Friuli,Palmanova (UD),RU,,,430.500000,DUP+,1.600000,FM,OFF,88.5Hz,NO,None,0.000000,45.895833,--:--
19,V3 FM Friuli,M.Grisa (TS),RU22a,RU22A,,431.387500,DUP+,1.600000,FM,OFF,88.5Hz,NO,None,0.000000,45.687500,--:--
20,0 DV Umbria,Terni,I0KMJ,I0KMJ  B,I0KMJ  G,433.650000,DUP+,0.000000,DV,OFF,88.5Hz,YES,Exact,42.554000,12.666500,+1:00
20,0 DV Umbria,Perugia,IZ0RT,IZ0RTB B,IZ0RTB G,430.050000,DUP+,4.900000,DV,OFF,88.5Hz,YES,Exact,43.102167,12.310167,--:--
21,0 FM Umbria,M.Serano (PG),R0,,,145.600000,DUP-,0.600000,FM,OFF,88.5Hz,NO,None,0.000000,42.854167,--:--
21,0 FM Umbria,Gubbio (PG),R1,,,145.625000,DUP-,0.600000,FM,OFF,88.5Hz,NO,None,0.000000,43.354167,--:--
21,0 FM Umbria,Perugia,R2a,,,145.662500,DUP-,0.600000,FM,OFF,88.5Hz,NO,None,0.000000,43.104167,--:--
21,0 FM Umbria,Gubbio (PG),R3a,,,145.687500,DUP-,0.600000,FM,OFF,88.5Hz,NO,None,0.000000,42.895833,--:--
21,0 FM Umbria,M.Cosce (TR),R4,,,145.700000,DUP-,0.600000,FM,OFF,88.5Hz,NO,None,0.000000,42.437500,--:--
21,0 FM Umbria,Monte Santa Mari,R4a,,,145.712500,DUP-,0.600000,FM,OFF,88.5Hz,NO,None,0.000000,43.437500,--:--
21,0 FM Umbria,Perugia,R6,,,145.750000,DUP-,0.600000,FM,OFF,88.5Hz,NO,None,0.000000,43.104167,--:--
21,0 FM Umbria,M.Serano (PG),RU1,,,430.025000,DUP+,1.600000,FM,OFF,88.5Hz,NO,None,0.000000,42.854167,--:--
21,0 FM Umbria,Pale Foligno (PG,RU2,,,430.050000,DUP+,5.000000,FM,OFF,88.5Hz,NO,None,0.000000,43.104167,--:--
21,0 FM Umbria,M.Giove -San Giu,RU8,,,430.200000,DUP+,1.600000,FM,OFF,88.5Hz,NO,None,0.000000,43.562500,--:--
21,0 FM Umbria,M.Cucco (PG),RU30a,,,431.587500,DUP+,1.600000,FM,OFF,88.5Hz,NO,None,0.000000,43.354167,--:--
22,0 DV Lazio,Anzio,IR0M,IR0MA  B,IR0MA  G,430.006250,DUP+,5.000000,DV,OFF,88.5Hz,YES,Approximate,41.818333,12.715000,+1:00
22,0 DV Lazio,Roma,IR0M,IR0MA  A,IR0MA  G,1297.450000,DUP-,28.000000,DV,OFF,88.5Hz,YES,Approximate,41.818333,12.715000,+1:00
22,0 DV Lazio,Pomezia,IZ0R,IZ0RIN B,IZ0RIN G,430.312500,DUP+,5.000000,DV,OFF,88.5Hz,YES,Exact,41.680833,12.506500,+1:00
22,0 DV Lazio,Carpineto,IU0E,IU0EUJ C,IU0EUJ G,145.512500,DUP-,0.000000,DV,OFF,88.5Hz,YES,Exact,41.605500,13.081000,+1:00
22,0 DV Lazio,Farnese,IR0U,IR0UHW B,IR0UHW G,433.700000,DUP-,0.000000,DV,OFF,88.5Hz,YES,Exact,42.012333,12.340333,+1:00
22,0 DV Lazio,Carpineto,IU0E,IU0EUJ B,IU0EUJ G,435.025000,DUP+,0.000000,DV,OFF,88.5Hz,YES,Exact,41.605500,13.086000,+1:00
22,0 DV Lazio,Farnese,IZ0C,IZ0CGG B,IZ0CGG G,433.450000,DUP+,0.000000,DV,OFF,88.5Hz,YES,Exact,42.012333,12.340333,+1:00
22,0 DV Lazio,Roma,IW0F,IW0FXN B,IW0FXN G,435.000000,DUP+,0.000000,DV,OFF,88.5Hz,YES,Exact,41.916333,12.436667,+1:00
22,0 DV Lazio,Roma,IR0U,IR0UIV B,IR0UIV G,430.850000,DUP+,5.000000,DV,OFF,88.5Hz,YES,Exact,41.856000,12.665000,+1:00
22,0 DV Lazio,Roma,IZ0D,IZ0DFP B,IZ0DFP G,431.525000,DUP+,0.000000,DV,OFF,88.5Hz,YES,Exact,41.846500,12.484000,+1:00
22,0 DV Lazio,Calvi,IU0D,IU0DLI B,IU0DLI G,430.000000,DUP+,5.000000,DV,OFF,88.5Hz,YES,Exact,41.274167,13.508667,--:--
22,0 DV Lazio,Gallinaro,IW0E,IW0EFI B,IW0EFI G,435.300000,DUP+,0.000000,DV,OFF,88.5Hz,YES,Exact,41.657833,13.798000,--:--
22,0 DV Lazio,Roma,IZ0O,IZ0OWE B,IZ0OWE G,433.450000,DUP+,0.000000,DV,OFF,88.5Hz,YES,Exact,41.914333,12.527667,--:--
23,0 FM Lazio,M.Gennaro (RM),RV,,,145.375000,DUP-,0.600000,FM,OFF,88.5Hz,NO,None,0.000000,42.062500,--:--
23,0 FM Lazio,Vigna di Valle (,RV,,,145.425000,DUP-,0.600000,FM,OFF,88.5Hz,NO,None,0.000000,42.062500,--:--
23,0 FM Lazio,Campocatino (FR),RV,,,145.500000,DUP-,0.600000,FM,OFF,88.5Hz,NO,None,0.000000,41.854167,--:--
23,0 FM Lazio,M.Calvo (FR),RV,,,145.525000,DUP-,0.600000,FM,OFF,88.5Hz,NO,None,0.000000,41.395833,--:--
23,0 FM Lazio,Campocatino (FR),RV,,,145.562500,DUP-,0.600000,FM,OFF,88.5Hz,NO,None,0.000000,41.854167,--:--
23,0 FM Lazio,Capranica Prenes,R0,,,145.600000,DUP-,0.600000,FM,OFF,88.5Hz,NO,None,0.000000,41.854167,--:--
23,0 FM Lazio,Allumiere (RM),R0a,,,145.612500,DUP-,0.600000,FM,OFF,88.5Hz,NO,None,0.000000,42.145833,--:--
23,0 FM Lazio,M.Guadagnolo (RM,R1,,,145.625000,DUP-,0.600000,FM,OFF,88.5Hz,NO,None,0.000000,41.895833,--:--
23,0 FM Lazio,M.Calvo (FR),R1a,,,145.637500,DUP-,0.600000,FM,OFF,88.5Hz,NO,None,0.000000,41.395833,--:--
23,0 FM Lazio,Castelli Romani,R2,,,145.650000,DUP-,0.600000,FM,OFF,88.5Hz,NO,None,0.000000,41.770833,--:--
23,0 FM Lazio,M.Trevi- Sezze (,R2a,,,145.662500,DUP-,0.600000,FM,OFF,88.5Hz,NO,None,0.000000,41.479167,--:--
23,0 FM Lazio,M.Tiburtini (RM),R3,,,145.675000,DUP-,0.600000,FM,OFF,88.5Hz,NO,None,0.000000,41.937500,--:--
23,0 FM Lazio,Campocatino (FR),R3a,,,145.687500,DUP-,0.600000,FM,OFF,88.5Hz,NO,None,0.000000,41.854167,--:--
23,0 FM Lazio,M.Maio (FR),R4,,,145.700000,DUP-,0.600000,FM,OFF,88.5Hz,NO,None,0.000000,41.520833,--:--
23,0 FM Lazio,Latina,R4,,,145.700000,DUP-,0.600000,FM,OFF,88.5Hz,NO,None,0.000000,41.437500,--:--
23,0 FM Lazio,M.Terminillo (RI,R5,,,145.725000,DUP-,0.600000,FM,OFF,88.5Hz,NO,None,0.000000,42.479167,--:--
23,0 FM Lazio,Spigno Saturnia,R5a,,,145.737500,DUP-,0.600000,FM,OFF,88.5Hz,NO,None,0.000000,0.000000,--:--
23,0 FM Lazio,Formia (LT),R6a,,,145.762500,DUP-,0.600000,FM,OFF,88.5Hz,NO,None,0.000000,41.270833,--:--
23,0 FM Lazio,M.Cimini - Capra,R6a,,,145.762500,DUP-,0.600000,FM,OFF,88.5Hz,NO,None,0.000000,42.354167,--:--
23,0 FM Lazio,Santopadre (FR),R7,,,145.775000,DUP-,0.600000,FM,OFF,88.5Hz,NO,None,0.000000,41.604167,--:--
23,0 FM Lazio,Ponza (LT),R7a,,,145.787500,DUP-,0.600000,FM,OFF,88.5Hz,NO,None,0.000000,40.895833,--:--
23,0 FM Lazio,M.Guadagnolo (RM,R7a,,,145.787500,DUP-,0.600000,FM,OFF,88.5Hz,NO,None,0.000000,41.937500,--:--
23,0 FM Lazio,Santa Marinella,RU1,,,430.025000,DUP+,1.600000,FM,OFF,88.5Hz,NO,None,0.000000,42.020833,--:--
23,0 FM Lazio,M.Circeo (LT),RU1a,,,430.037500,DUP+,5.000000,FM,OFF,88.5Hz,NO,None,0.000000,41.229167,--:--
23,0 FM Lazio,M.Terminillo (RI,RU3,,,430.075000,DUP+,5.000000,FM,OFF,88.5Hz,NO,None,0.000000,42.479167,--:--
23,0 FM Lazio,Gaeta (LT),RU4,,,430.100000,DUP+,5.000000,FM,OFF,88.5Hz,NO,None,0.000000,41.187500,--:--
23,0 FM Lazio,M,Calvo (F,RU4A,RU4A,,OFF,0.000000,DV,OFF,88.5Hz,NO,None,0.000000,0.000000,--:--
23,0 FM Lazio,M.Guadagnolo (RM,RU5,,,430.125000,DUP+,5.000000,FM,OFF,88.5Hz,NO,None,0.000000,41.937500,--:--
23,0 FM Lazio,Gaeta (LT),RU6,,,430.150000,DUP+,5.000000,FM,OFF,88.5Hz,NO,None,0.000000,41.187500,--:--
23,0 FM Lazio,M.Gennaro (RM),RU6,,,430.150000,DUP+,5.000000,FM,OFF,88.5Hz,NO,None,0.000000,42.062500,--:--
23,0 FM Lazio,Campo Staffi - F,RU8,,,430.200000,DUP+,5.000000,FM,OFF,88.5Hz,NO,None,0.000000,41.937500,--:--
23,0 FM Lazio,M.Paradiso (RM),RU8,,,430.200000,DUP+,1.600000,FM,OFF,88.5Hz,NO,None,0.000000,42.104167,--:--
23,0 FM Lazio,Gaeta (LT),RU9,,,430.225000,DUP+,5.000000,FM,OFF,88.5Hz,NO,None,0.000000,41.187500,--:--
23,0 FM Lazio,M.Terminillo (RI,RU9,,,430.225000,DUP+,1.600000,FM,OFF,88.5Hz,NO,None,0.000000,42.479167,--:--
23,0 FM Lazio,M.Maio (FR),RU10,,,430.250000,DUP+,5.000000,FM,OFF,88.5Hz,NO,None,0.000000,41.520833,--:--
23,0 FM Lazio,M.Cimini (VT),RU10,,,430.250000,DUP+,1.600000,FM,OFF,88.5Hz,NO,None,0.000000,42.354167,--:--
23,0 FM Lazio,Castelli Romani,RU11,,,430.275000,DUP+,5.000000,FM,OFF,88.5Hz,NO,None,0.000000,41.729167,--:--
23,0 FM Lazio,M.Gennaro (RM),RU12,,,430.300000,DUP+,5.000000,FM,OFF,88.5Hz,NO,None,0.000000,42.062500,--:--
23,0 FM Lazio,Latina,RU14,,,430.350000,DUP+,5.000000,FM,OFF,88.5Hz,NO,None,0.000000,41.437500,--:--
23,0 FM Lazio,M.Onofrio (LT),RU15,,,430.375000,DUP+,5.000000,FM,OFF,88.5Hz,NO,None,0.000000,41.270833,--:--
23,0 FM Lazio,Campo Catino (FR,RU,,,430.450000,DUP+,5.000000,FM,OFF,88.5Hz,NO,None,0.000000,41.812500,--:--
23,0 FM Lazio,Velletri (RM),RU,,,430.475000,DUP+,5.000000,FM,OFF,88.5Hz,NO,None,0.000000,41.687500,--:--
23,0 FM Lazio,Rocca Priora (RM,RU,,,430.575000,DUP+,5.000000,FM,OFF,88.5Hz,NO,None,0.000000,41.770833,--:--
23,0 FM Lazio,M.Trevi (LT),RU,,,430.650000,DUP+,5.000000,FM,OFF,88.5Hz,NO,None,0.000000,41.479167,--:--
23,0 FM Lazio,Rocca Priora (RM,RU,,,430.825000,DUP+,5.000000,FM,OFF,88.5Hz,NO,None,0.000000,41.770833,--:--
23,0 FM Lazio,Vigna di Valle (,RU19,,,431.300000,DUP+,1.600000,FM,OFF,88.5Hz,NO,None,0.000000,42.062500,--:--
23,0 FM Lazio,Civitavecchia (R,RU23,RU23,,431.400000,DUP+,1.600000,FM,OFF,88.5Hz,NO,None,0.000000,42.145833,--:--
23,0 FM Lazio,M.Faggio (LT),RU23a,RU23A,,431.412500,DUP+,1.600000,FM,OFF,88.5Hz,NO,None,0.000000,41.395833,--:--
23,0 FM Lazio,Vivaro Romano (R,RU24,,,431.425000,DUP+,1.600000,FM,OFF,88.5Hz,NO,None,0.000000,42.104167,--:--
23,0 FM Lazio,M.Circello (LT),RU30,,,431.575000,DUP+,1.600000,FM,OFF,88.5Hz,NO,None,0.000000,41.229167,--:--
23,0 FM Lazio,M.Cavo (RM),RU32,RU32,,431.625000,DUP+,1.600000,FM,OFF,88.5Hz,NO,None,0.000000,41.770833,--:--
23,0 FM Lazio,Selva Rotonda (R,RU,,,433.800000,DUP+,1.600000,FM,OFF,88.5Hz,NO,None,0.000000,42.604167,--:--
23,0 FM Lazio,Montecompatri (R,RU,,,433.800000,DUP+,1.600000,FM,OFF,88.5Hz,NO,None,0.000000,41.812500,--:--
24,8 DV Calabria,Gioia Tauro,IU8LDG,IU8LDG B,IU8LDG G,433.450000,DUP+,0.000000,DV,OFF,88.5Hz,YES,Exact,38.436167,15.907500,+1:00
24,8 DV Calabria,Reggio Calabria,IR8UCN,IR8UCN C,IR8UCN G,145.712500,DUP-,0.600000,DV,OFF,88.5Hz,YES,Exact,38.221167,15.643333,+1:00
24,8 DV Calabria,Cosenza,IR8AF,IR8AF  C,IR8AF  G,145.650000,DUP-,0.600000,DV,OFF,88.5Hz,YES,Exact,39.345333,16.314333,--:--
25,8 FM Calabria,Barrittieri di S,RV,,,145.300000,DUP-,0.600000,FM,OFF,88.5Hz,NO,None,0.000000,38.312500,--:--
25,8 FM Calabria,Pietrapennata (R,T,,,145.462500,OFF,0.000000,FM,OFF,88.5Hz,NO,None,0.000000,38.979167,--:--
25,8 FM Calabria,San Lorenzo Supe,RV,,,145.562500,DUP-,0.600000,FM,OFF,88.5Hz,NO,None,0.000000,38.020833,--:--
25,8 FM Calabria,San Lorenzo di R,RV,,,145.562500,DUP-,0.600000,FM,OFF,88.5Hz,NO,None,0.000000,38.020833,--:--
25,8 FM Calabria,M.Bucolia (CZ),RV-1a,,,145.587500,DUP-,0.600000,FM,OFF,88.5Hz,NO,None,0.000000,38.979167,--:--
25,8 FM Calabria,Monte San Demetr,RV-1a,,,145.587500,DUP-,0.600000,FM,OFF,88.5Hz,NO,None,0.000000,38.062500,--:--
25,8 FM Calabria,M.Poro (CZ),R0a,,,145.612500,DUP-,0.600000,FM,OFF,88.5Hz,NO,None,0.000000,0.000000,--:--
25,8 FM Calabria,Montechiarello (,R1,,,145.625000,DUP-,0.600000,FM,OFF,88.5Hz,NO,None,0.000000,38.145833,--:--
25,8 FM Calabria,Galatro (RC),R1a,,,145.637500,DUP-,0.600000,FM,OFF,88.5Hz,NO,None,0.000000,38.437500,--:--
25,8 FM Calabria,Catanzaro,R2,,,145.650000,DUP-,0.600000,FM,OFF,88.5Hz,NO,None,0.000000,38.895833,--:--
25,8 FM Calabria,Mancino (RC),R2,,,145.650000,DUP-,0.600000,FM,OFF,88.5Hz,NO,None,0.000000,38.354167,--:--
25,8 FM Calabria,Villa San Giovan,R3a,,,145.687500,DUP-,0.600000,FM,OFF,88.5Hz,NO,None,0.000000,38.229167,--:--
25,8 FM Calabria,Joppolo - M.Poro,R3a,,,145.687500,DUP-,0.600000,FM,OFF,88.5Hz,NO,None,0.000000,38.604167,--:--
25,8 FM Calabria,Gasperina (CZ),R4,,,145.700000,DUP-,0.600000,FM,OFF,88.5Hz,NO,None,0.000000,38.729167,--:--
25,8 FM Calabria,M.Botte Donato (,R4a,,,145.712500,DUP-,0.600000,FM,OFF,88.5Hz,NO,None,0.000000,39.270833,--:--
25,8 FM Calabria,Lappano (CS),R5,,,145.725000,DUP-,0.600000,FM,OFF,88.5Hz,NO,None,0.000000,39.312500,--:--
25,8 FM Calabria,San Vito Serralt,R5,,,145.725000,DUP-,0.600000,FM,OFF,88.5Hz,NO,None,0.000000,38.770833,--:--
25,8 FM Calabria,Polistena (RC),R5a,,,145.737500,DUP-,0.600000,FM,OFF,88.5Hz,NO,None,0.000000,38.395833,--:--
25,8 FM Calabria,M.Cozzo Cervello,R7,,,145.775000,DUP-,0.600000,FM,OFF,88.5Hz,NO,None,0.000000,39.395833,--:--
25,8 FM Calabria,S.Stefano d'Aspr,RU1,,,430.025000,DUP+,1.600000,FM,OFF,88.5Hz,NO,None,0.000000,38.145833,--:--
25,8 FM Calabria,M.S.Andrea (RC),RU2,,,430.050000,DUP+,1.600000,FM,OFF,88.5Hz,NO,None,0.000000,38.937500,--:--
25,8 FM Calabria,San Giovanni in,RU3,,,430.075000,DUP+,1.600000,FM,OFF,88.5Hz,NO,None,0.000000,39.270833,--:--
25,8 FM Calabria,Catanzaro,RU4,,,430.100000,DUP+,5.000000,FM,OFF,88.5Hz,NO,None,0.000000,38.979167,--:--
25,8 FM Calabria,Campicello (RC),RU5a,RU5A,,430.137500,DUP+,5.000000,FM,OFF,88.5Hz,NO,None,0.000000,38.020833,--:--
25,8 FM Calabria,Serra Crista - A,RU6,,,430.150000,DUP+,1.600000,FM,OFF,88.5Hz,NO,None,0.000000,39.479167,--:--
25,8 FM Calabria,Monte Scuro (CS),RU7,,,430.175000,DUP+,1.600000,FM,OFF,88.5Hz,NO,None,0.000000,39.312500,--:--
25,8 FM Calabria,Pietrapennata (R,RU9,,,430.225000,DUP+,1.600000,FM,OFF,88.5Hz,NO,None,0.000000,38.979167,--:--
25,8 FM Calabria,Reggio Calabria,RU11,,,430.275000,DUP+,1.600000,FM,OFF,88.5Hz,NO,None,0.000000,38.187500,--:--
25,8 FM Calabria,Villa San Giovan,RU13,,,430.325000,DUP+,1.600000,FM,OFF,88.5Hz,NO,None,0.000000,38.229167,--:--
25,8 FM Calabria,Filandari (VV),RU,,,430.500000,DUP+,5.000000,FM,OFF,88.5Hz,NO,None,0.000000,38.979167,--:--
25,8 FM Calabria,San Lorenzo Supe,RU24,,,431.437500,DUP+,1.600000,FM,OFF,88.5Hz,NO,None,0.000000,38.020833,--:--
25,8 FM Calabria,San Lorenzo di R,RU24a,,,431.437500,DUP+,1.600000,FM,OFF,88.5Hz,NO,None,0.000000,38.020833,--:--
25,8 FM Calabria,Barrittieri di S,T,,,432.100000,OFF,0.000000,FM,OFF,88.5Hz,NO,None,0.000000,38.312500,--:--
25,8 FM Calabria,Pellaro (RC),T,,,435.012500,OFF,0.000000,FM,OFF,88.5Hz,NO,None,0.000000,38.020833,--:--
26,T9 DV Sicilia,San Leone Hotspo,IT9FRN,IT9FRN B,IT9FRN G,430.450000,DUP+,0.000000,DV,OFF,88.5Hz,YES,Exact,37.264833,13.571500,--:--
26,T9 DV Sicilia,San Leone Hotspo,IT9FRN,IT9FRN C,IT9FRN G,144.937500,DUP+,0.000000,DV,OFF,88.5Hz,YES,Exact,37.260000,13.601000,--:--
26,T9 DV Sicilia,Rupe Atenea AG,IR9UAK,IR9UAK B,IR9UAK G,430.400000,DUP+,5.000000,DV,OFF,88.5Hz,YES,Exact,37.307500,13.596333,--:--
26,T9 DV Sicilia,Monte Suzza AG,IT9CNT,IT9CNT B,IT9CNT G,430.562500,DUP+,5.000000,DV,OFF,88.5Hz,YES,Exact,37.361500,13.518667,--:--
26,T9 DV Sicilia,Agrigento Hotspo,IW9CJC,IW9CJC C,IW9CJC G,144.912500,DUP+,0.000000,DV,OFF,88.5Hz,YES,Exact,37.336000,13.585500,--:--
26,T9 DV Sicilia,Agrigento Hotspo,IT9VVZ,IT9VVZ C,IT9VVZ G,144.825000,DUP+,0.000000,DV,OFF,88.5Hz,YES,Exact,37.336000,13.585500,--:--
26,T9 DV Sicilia,Castronovo PA,IR9AO,IR9AO  C,IR9AO  G,145.587500,DUP-,0.600000,DV,OFF,88.5Hz,YES,Exact,37.698667,13.594000,--:--
26,T9 DV Sicilia,Ficuzza Hotspot,IT9BFB,IT9BFB C,IT9BFB G,144.875000,DUP+,0.000000,DV,OFF,88.5Hz,YES,Exact,37.586667,13.753667,--:--
26,T9 DV Sicilia,Ficuzza,IT9BFB,IT9BFB B,IT9BFB G,430.687500,DUP+,5.000000,DV,OFF,88.5Hz,YES,Exact,37.586667,13.753667,--:--
26,T9 DV Sicilia,Valledolmo PA,IW9HRS,IW9HRS B,IW9HRS G,430.700000,DUP+,5.000000,DV,OFF,88.5Hz,YES,Exact,37.680167,13.875667,--:--
26,T9 DV Sicilia,Menfi,IW9FZD,IW9FZD B,IW9FZD G,430.500000,DUP-,0.000000,DV,OFF,88.5Hz,YES,Exact,37.603833,12.950000,--:--
26,T9 DV Sicilia,Menfi,IW9FZD,IW9FZD C,IW9FZD G,144.600000,DUP+,0.000000,DV,OFF,88.5Hz,YES,Exact,37.603833,12.950000,--:--
26,T9 DV Sicilia,Palermo,IR9P,IR9P   B,IR9P   G,430.150000,DUP+,1.600000,DV,OFF,88.5Hz,YES,Exact,38.177500,13.270000,--:--
26,T9 DV Sicilia,Palermo,IR9P,IR9P   C,IR9P   G,145.637500,DUP-,0.600000,DV,OFF,88.5Hz,YES,Exact,38.177000,13.272000,--:--
26,T9 DV Sicilia,Palermo,IT9EWK,IT9EWK B,IT9EWK G,433.612500,DUP-,0.000000,DV,OFF,88.5Hz,YES,Exact,38.143333,13.367167,--:--
26,T9 DV Sicilia,Palermo,IT9FKM,IT9FKM B,IT9FKM G,433.612500,DUP+,0.000000,DV,OFF,88.5Hz,YES,Exact,38.191167,13.291833,--:--
26,T9 DV Sicilia,Palermo,IT9SIF,IT9SIF C,IT9SIF G,145.337500,DUP+,0.000000,DV,OFF,88.5Hz,YES,Exact,38.055000,13.114667,--:--
26,T9 DV Sicilia,Caltanissetta,IT9BMH,IT9BMH C,IT9BMH G,145.775000,DUP-,0.600000,DV,OFF,88.5Hz,YES,Approximate,37.497333,14.067500,--:--
26,T9 DV Sicilia,Caltanissetta,IT9AOI,IT9AOI B,IT9AOI G,435.912500,DUP+,0.000000,DV,OFF,88.5Hz,YES,Exact,37.490833,14.050833,--:--
26,T9 DV Sicilia,Caltagirone,IW9BJU,IW9BJU C,IW9BJU G,144.850000,DUP+,0.000000,DV,OFF,88.5Hz,YES,Exact,37.237667,14.510333,--:--
26,T9 DV Sicilia,Siracusa,IR9BP,IR9BP  C,IR9BP  G,144.650000,DUP+,0.000000,DV,OFF,88.5Hz,YES,Exact,37.089167,15.250333,--:--
26,T9 DV Sicilia,Siracusa,IR9BQ,IR9BQ  C,IR9BQ  G,144.825000,DUP+,0.000000,DV,OFF,88.5Hz,YES,Exact,37.091667,15.215000,--:--
26,T9 DV Sicilia,Siracusa,IR9BQ,IR9BQ  B,IR9BQ  G,430.500000,DUP+,5.000000,DV,OFF,88.5Hz,YES,Exact,37.092167,15.215333,--:--
26,T9 DV Sicilia,Siracusa,IT9BWD,IT9BWD B,IT9BWD G,430.525000,DUP+,0.000000,DV,OFF,88.5Hz,YES,Exact,37.070833,15.269833,--:--
26,T9 DV Sicilia,Siracusa,IT9BWW,IT9BWW B,IT9BWW G,430.825000,DUP+,0.000000,DV,OFF,88.5Hz,YES,Exact,37.067000,15.284500,--:--
26,T9 DV Sicilia,Catania,IR9UX,IR9UX  C,IR9UX  G,145.662500,DUP-,0.600000,DV,OFF,88.5Hz,YES,Exact,37.750000,15.140000,--:--
26,T9 DV Sicilia,Catania,IR9UBU,IR9UBU B,IR9UBU G,430.400000,DUP+,5.000000,DV,OFF,88.5Hz,YES,Exact,37.626833,14.979833,--:--
26,T9 DV Sicilia,Catania,IR9UBM,IR9UBM B,IR9UBM G,430.325000,DUP+,5.000000,DV,OFF,88.5Hz,YES,Exact,37.531333,15.068833,--:--
26,T9 DV Sicilia,Catania,IR9UBM,IR9UBM C,IR9UBM G,145.450000,DUP+,0.000000,DV,OFF,88.5Hz,YES,Exact,37.672667,15.061333,--:--
26,T9 DV Sicilia,Barcellona,IR9UBR,IR9UBR B,IR9UBR G,430.725000,DUP+,5.000000,DV,OFF,88.5Hz,YES,Exact,38.156833,15.230167,--:--
26,T9 DV Sicilia,Agira,IR9XVU,IR9XVU B,IR9XVU G,430.350000,DUP+,5.000000,DV,OFF,88.5Hz,YES,Exact,37.651000,14.514500,--:--
26,T9 DV Sicilia,Acireale,IT9CIL,IT9CIL B,IT9CIL G,433.300000,DUP+,0.000000,DV,OFF,88.5Hz,YES,Exact,37.616667,15.166667,--:--
26,T9 DV Sicilia,Valverde,IR9UBK,IR9UBK B,IR9UBK G,430.375000,DUP+,5.000000,DV,OFF,88.5Hz,YES,Exact,37.581167,15.131167,--:--
27,T9 FM Sicilia,Colle Tirone -Av,T,,,145.212500,OFF,0.000000,FM,OFF,88.5Hz,NO,None,0.000000,36.895833,--:--
27,T9 FM Sicilia,Nizza di Sicilia,T,,,145.412500,OFF,0.000000,FM,OFF,88.5Hz,NO,None,0.000000,38.020833,--:--
27,T9 FM Sicilia,Roccafiorita (ME,T,,,145.437500,OFF,0.000000,FM,OFF,88.5Hz,NO,None,0.000000,38.937500,--:--
27,T9 FM Sicilia,Giarre CT),RV,,,145.475000,DUP-,0.600000,FM,OFF,88.5Hz,NO,None,0.000000,37.729167,--:--
27,T9 FM Sicilia,Portella (ME),RV,,,145.500000,DUP-,0.600000,FM,OFF,88.5Hz,NO,None,0.000000,37.854167,--:--
27,T9 FM Sicilia,Salemi (TP),RV-1,,,145.575000,DUP-,0.600000,FM,OFF,88.5Hz,NO,None,0.000000,36.812500,--:--
27,T9 FM Sicilia,Ribera (AG),R0,,,145.600000,DUP-,0.600000,FM,OFF,88.5Hz,NO,None,0.000000,37.520833,--:--
27,T9 FM Sicilia,Ragusa,R0,,,145.600000,DUP-,0.600000,FM,OFF,88.5Hz,NO,None,0.000000,37.020833,--:--
27,T9 FM Sicilia,Venetico (ME),R0a,,,145.612500,DUP-,0.600000,FM,OFF,88.5Hz,NO,None,0.000000,38.229167,--:--
27,T9 FM Sicilia,Pantelleria,R0a,,,145.612500,DUP-,0.600000,FM,OFF,88.5Hz,NO,None,0.000000,36.770833,--:--
27,T9 FM Sicilia,C. Umberto (ME),R1,,,145.625000,DUP-,0.600000,FM,OFF,88.5Hz,NO,None,0.000000,38.104167,--:--
27,T9 FM Sicilia,Cefalu' (PA),R1,,,145.625000,DUP-,0.600000,FM,OFF,88.5Hz,NO,None,0.000000,37.979167,--:--
27,T9 FM Sicilia,M.Meli - Siculia,R1a,,,145.637500,DUP-,0.600000,FM,OFF,88.5Hz,NO,None,0.000000,37.354167,--:--
27,T9 FM Sicilia,Tipoldo (ME),R1a,,,145.637500,DUP-,0.600000,FM,OFF,88.5Hz,NO,None,0.000000,38.145833,--:--
27,T9 FM Sicilia,Murfi -Buseto Pa,R1a,,,145.637500,DUP-,0.600000,FM,OFF,88.5Hz,NO,None,0.000000,38.020833,--:--
27,T9 FM Sicilia,Caltanisetta,R2,,,145.650000,DUP-,0.600000,FM,OFF,88.5Hz,NO,None,0.000000,37.479167,--:--
27,T9 FM Sicilia,M.Kalfa - Roccaf,R2,,,145.650000,DUP-,0.600000,FM,OFF,88.5Hz,NO,None,0.000000,37.937500,--:--
27,T9 FM Sicilia,M.S.Angelo - Lip,R2,,,145.650000,DUP-,0.600000,FM,OFF,88.5Hz,NO,None,0.000000,38.479167,--:--
27,T9 FM Sicilia,Partanna (TP),R2,,,145.650000,DUP-,0.600000,FM,OFF,88.5Hz,NO,None,0.000000,37.729167,--:--
27,T9 FM Sicilia,Messina,R2a,,,145.662500,DUP-,0.600000,FM,OFF,88.5Hz,NO,None,0.000000,38.229167,--:--
27,T9 FM Sicilia,M.Rotondo (ME),R3,,,145.675000,DUP-,0.600000,FM,OFF,88.5Hz,NO,None,0.000000,38.104167,--:--
27,T9 FM Sicilia,Gioiosa Marea (M,R3,,,145.675000,DUP-,0.600000,FM,OFF,88.5Hz,NO,None,0.000000,38.187500,--:--
27,T9 FM Sicilia,Plemmirio (SR),R3,,,145.675000,DUP-,0.600000,FM,OFF,88.5Hz,NO,None,0.000000,37.020833,--:--
27,T9 FM Sicilia,Niscemi (CL),R3a,,,145.687500,DUP-,0.600000,FM,OFF,88.5Hz,NO,None,0.000000,37.145833,--:--
27,T9 FM Sicilia,Linguaglossa (CT,R3a,,,145.687500,DUP-,0.600000,FM,OFF,88.5Hz,NO,None,0.000000,37.812500,--:--
27,T9 FM Sicilia,M.Pecoraro - Cin,R3a,,,145.687500,DUP-,0.600000,FM,OFF,88.5Hz,NO,None,0.000000,38.145833,--:--
27,T9 FM Sicilia,Palermo,R4,,,145.700000,DUP-,0.600000,FM,OFF,88.5Hz,NO,None,0.000000,38.104167,--:--
27,T9 FM Sicilia,M. Pellegrino (P,R4,,,145.700000,DUP-,0.600000,FM,OFF,88.5Hz,NO,None,0.000000,38.145833,--:--
27,T9 FM Sicilia,Santo Stefano Qu,R4a,,,145.712500,DUP-,0.600000,FM,OFF,88.5Hz,NO,None,0.000000,37.604167,--:--
27,T9 FM Sicilia,M.Etna (CT),R5,,,145.725000,DUP-,0.600000,FM,OFF,88.5Hz,NO,None,0.000000,37.770833,--:--
27,T9 FM Sicilia,Partanna (TP),R5,,,145.725000,DUP-,0.600000,FM,OFF,88.5Hz,NO,None,0.000000,37.729167,--:--
27,T9 FM Sicilia,Castellanmare de,R5a,,,145.737500,DUP-,0.600000,FM,OFF,88.5Hz,NO,None,0.000000,38.020833,--:--
27,T9 FM Sicilia,Pizzo Chiarino (,R6,,,145.750000,DUP-,0.600000,FM,OFF,88.5Hz,NO,None,0.000000,38.187500,--:--
27,T9 FM Sicilia,Ispica (RG),R6a,,,145.762500,DUP-,0.600000,FM,OFF,88.5Hz,NO,None,0.000000,36.770833,--:--
27,T9 FM Sicilia,M.Erice (TP),R7,,,145.775000,DUP-,0.600000,FM,OFF,88.5Hz,NO,None,0.000000,38.020833,--:--
27,T9 FM Sicilia,M.Pellegrino (PA,R7a,,,145.787500,DUP-,0.600000,FM,OFF,88.5Hz,NO,None,0.000000,38.145833,--:--
27,T9 FM Sicilia,M.Arcibessi  Chi,R7a,,,145.787500,DUP-,0.600000,FM,OFF,88.5Hz,NO,None,0.000000,37.020833,--:--
27,T9 FM Sicilia,Caltabellotta (T,R7a,,,145.787500,DUP-,0.600000,FM,OFF,88.5Hz,NO,None,0.000000,37.604167,--:--
27,T9 FM Sicilia,Caltagirone (CT),RU1,,,430.025000,DUP+,1.600000,FM,OFF,88.5Hz,NO,None,0.000000,37.229167,--:--
27,T9 FM Sicilia,Marina di Ragusa,RU1,,,430.025000,DUP+,5.000000,FM,OFF,88.5Hz,NO,None,0.000000,36.770833,--:--
27,T9 FM Sicilia,Catania,RU2,,,430.050000,DUP+,1.600000,FM,OFF,88.5Hz,NO,None,0.000000,37.520833,--:--
27,T9 FM Sicilia,S.Margherita di,RU3,,,430.075000,DUP+,1.600000,FM,OFF,88.5Hz,NO,None,0.000000,37.687500,--:--
27,T9 FM Sicilia,Belvedere di Sir,RU3,,,430.075000,DUP+,1.600000,FM,OFF,88.5Hz,NO,None,0.000000,37.104167,--:--
27,T9 FM Sicilia,Pizzo Chiarino (,RU4,,,430.100000,DUP+,1.600000,FM,OFF,88.5Hz,NO,None,0.000000,38.187500,--:--
27,T9 FM Sicilia,Vita (TP),RU4,,,430.100000,DUP+,1.600000,FM,OFF,88.5Hz,NO,None,0.000000,37.854167,--:--
27,T9 FM Sicilia,M.Veneretta (ME),RU5,,,430.125000,DUP+,1.600000,FM,OFF,88.5Hz,NO,None,0.000000,37.854167,--:--
27,T9 FM Sicilia,Capo Tindari (ME,RU5,,,430.125000,DUP+,1.600000,FM,OFF,88.5Hz,NO,None,0.000000,38.145833,--:--
27,T9 FM Sicilia,Carini (PA),RU5,,,430.125000,DUP+,5.000000,FM,OFF,88.5Hz,NO,None,0.000000,38.145833,--:--
27,T9 FM Sicilia,Niscemi (CL),RU6,,,430.150000,DUP+,1.600000,FM,OFF,88.5Hz,NO,None,0.000000,37.145833,--:--
27,T9 FM Sicilia,Castelmola (CT),RU5,,,430.150000,DUP+,1.600000,FM,OFF,88.5Hz,NO,None,0.000000,0.000000,--:--
27,T9 FM Sicilia,Modica (RG),RU7,,,430.175000,DUP+,1.600000,FM,OFF,88.5Hz,NO,None,0.000000,36.854167,--:--
27,T9 FM Sicilia,Trapani,RU7,,,430.175000,DUP+,1.600000,FM,OFF,88.5Hz,NO,None,0.000000,38.020833,--:--
27,T9 FM Sicilia,Calatafimi (TP),RU8,,,430.200000,DUP+,5.000000,FM,OFF,88.5Hz,NO,None,0.000000,37.937500,--:--
27,T9 FM Sicilia,Ragusa (RG),RU9,,,430.225000,DUP+,1.600000,FM,OFF,88.5Hz,NO,None,0.000000,36.895833,--:--
27,T9 FM Sicilia,Troina (EN),RU10,,,430.250000,DUP+,1.600000,FM,OFF,88.5Hz,NO,None,0.000000,37.770833,--:--
27,T9 FM Sicilia,Ispica (RG),RU11,,,430.275000,DUP+,5.000000,FM,OFF,88.5Hz,NO,None,0.000000,36.770833,--:--
27,T9 FM Sicilia,Salemi - Monte R,RU12,,,430.300000,DUP+,5.000000,FM,OFF,88.5Hz,NO,None,0.000000,37.812500,--:--
27,T9 FM Sicilia,Portella (ME),RU13,,,430.325000,DUP+,1.600000,FM,OFF,88.5Hz,NO,None,0.000000,37.854167,--:--
27,T9 FM Sicilia,M. Grifone (PA),RU15,,,430.375000,DUP+,5.000000,FM,OFF,88.5Hz,NO,None,0.000000,38.062500,--:--
27,T9 FM Sicilia,Tipoldo (ME),T,,,430.462500,OFF,0.000000,FM,OFF,88.5Hz,NO,None,0.000000,38.145833,--:--
27,T9 FM Sicilia,Tipoldo (ME),RU,,,430.475000,DUP+,5.000000,FM,OFF,88.5Hz,NO,None,0.000000,38.145833,--:--
27,T9 FM Sicilia,Rupe Atenea (AG),RU,,,430.500000,DUP+,5.000000,FM,OFF,88.5Hz,NO,None,0.000000,37.312500,--:--
27,T9 FM Sicilia,San Giovanni Gem,RU,,,430.900000,DUP+,5.000000,FM,OFF,88.5Hz,NO,None,0.000000,37.604167,--:--
27,T9 FM Sicilia,Cresta di Naso (,RU18a,,,431.287500,DUP+,1.600000,FM,OFF,88.5Hz,NO,None,0.000000,38.145833,--:--
27,T9 FM Sicilia,Messina,RU25,RU25,,431.450000,DUP+,1.600000,FM,OFF,88.5Hz,NO,None,0.000000,38.229167,--:--
27,T9 FM Sicilia,Colle Tirone -Av,T,,,433.575000,OFF,0.000000,FM,OFF,88.5Hz,NO,None,0.000000,36.895833,--:--
28,6 DV Abruzzo,Campo Staffi,IR0UFJ,IR0UFJ B,IR0UFJ G,430.825000,DUP+,5.000000,DV,OFF,88.5Hz,YES,Exact,41.928667,13.336333,--:--
28,6 DV Abruzzo,L'Aquila,IR6L,IR6L   C,IR6L   G,145.650000,DUP-,0.600000,DV,OFF,88.5Hz,YES,Exact,42.363667,13.424667,+1:00
28,6 DV Abruzzo,M. Majella,IR6UCC,IR6UCC C,IR6UCC G,145.687500,DUP-,0.600000,DV,OFF,88.5Hz,YES,Exact,42.157833,14.127667,+1:00
28,6 DV Abruzzo,Sulmona,IR6UDO,IR6UDO B,IR6UDO G,430.137500,DUP+,1.600000,DV,OFF,88.5Hz,YES,Exact,42.042333,13.927833,+1:00
28,6 DV Abruzzo,M. Majella,IR6UCC,IR6UCC B,IR6UCC G,430.012500,DUP+,5.000000,DV,OFF,88.5Hz,YES,Exact,42.157833,14.127667,+1:00
28,6 DV Abruzzo,Ortona,IR6UCX,IR6UCX B,IR6UCX G,430.250000,DUP+,5.000000,DV,OFF,88.5Hz,YES,Exact,42.347833,14.403333,+1:00
28,6 DV Abruzzo,San Nicandro,IZ6BGQ,IZ6BGQ B,IZ6BGQ G,430.300000,DUP+,5.000000,DV,OFF,88.5Hz,YES,Exact,42.283667,13.592500,--:--
28,6 DV Abruzzo,San Pelino,IW6NFT,IW6NFT B,IW6NFT G,434.325000,DUP+,0.000000,DV,OFF,88.5Hz,YES,Exact,42.051167,13.463500,--:--
28,6 DV Abruzzo,Oricola,IR6UDG,IR6UDG B,IR6UDG G,431.575000,DUP+,1.600000,DV,OFF,88.5Hz,YES,Exact,42.048650,13.044600,--:--
28,6 DV Abruzzo,M. Majella,IR6UCC,IR6UCC A,IR6UCC G,1297.200000,DUP-,30.000000,DV,OFF,88.5Hz,YES,Exact,42.157833,14.127667,--:--
28,6 DV Abruzzo,Teramo,IZ6SDO,IZ6SDO B,IZ6SDO G,433.575000,DUP+,0.000000,DV,OFF,88.5Hz,YES,Exact,42.658333,13.709833,--:--
28,6 DV Abruzzo,Manoppello,IW6PQB,IW6PQB B,IW6PQB G,433.450000,DUP+,0.000000,DV,OFF,88.5Hz,YES,Exact,42.309000,14.052833,--:--
28,6 DV Abruzzo,Ascoli,IK6RJU,IK6RJU B,IK6RJU G,431.500000,DUP+,0.000000,DV,OFF,88.5Hz,YES,Exact,42.855833,13.618333,--:--
29,6 FM Abruzzo,Le Serre di Gori,R0,,,145.600000,DUP-,0.600000,FM,OFF,88.5Hz,NO,None,0.000000,42.062500,--:--
29,6 FM Abruzzo,Campo Imperatore,R1,,,145.625000,DUP-,0.600000,FM,OFF,88.5Hz,NO,None,0.000000,42.437500,--:--
29,6 FM Abruzzo,M.Freddo (AQ),R2a,,,145.662500,DUP-,0.600000,FM,OFF,88.5Hz,NO,None,0.000000,42.145833,--:--
29,6 FM Abruzzo,Colle SanGiacomo,R3,,,145.675000,DUP-,0.600000,FM,OFF,88.5Hz,NO,None,0.000000,42.354167,--:--
29,6 FM Abruzzo,Santo Stefano -,R3,,,145.675000,DUP-,0.600000,FM,OFF,88.5Hz,NO,None,0.000000,42.645833,--:--
29,6 FM Abruzzo,M.Maiella (PE),R4,,,145.700000,DUP-,0.600000,FM,OFF,88.5Hz,NO,None,0.000000,42.145833,--:--
29,6 FM Abruzzo,Roccaraso (AQ),R4a,,,145.712500,DUP-,0.600000,FM,OFF,88.5Hz,NO,None,0.000000,41.854167,--:--
29,6 FM Abruzzo,Colle Badette-To,R5,,,145.725000,DUP-,0.600000,FM,OFF,88.5Hz,NO,None,0.000000,42.812500,--:--
29,6 FM Abruzzo,Prati di Tivo (T,R6,,,145.750000,DUP-,0.600000,FM,OFF,88.5Hz,NO,None,0.000000,42.479167,--:--
29,6 FM Abruzzo,San Benedetto in,R6a,,,145.762500,DUP-,0.600000,FM,OFF,88.5Hz,NO,None,0.000000,42.187500,--:--
29,6 FM Abruzzo,Liscia (CH),R6a,,,145.762500,DUP-,0.600000,FM,OFF,88.5Hz,NO,None,0.000000,41.937500,--:--
29,6 FM Abruzzo,Citta' S.Angelo,R7a,,,145.787500,DUP-,0.600000,FM,OFF,88.5Hz,NO,None,0.000000,42.520833,--:--
29,6 FM Abruzzo,M.Le Serre (AQ),RU1,,,430.025000,DUP+,1.600000,FM,OFF,88.5Hz,NO,None,0.000000,42.395833,--:--
29,6 FM Abruzzo,M.Piselli (TE),RU1,,,430.025000,DUP+,1.600000,FM,OFF,88.5Hz,NO,None,0.000000,0.000000,--:--
29,6 FM Abruzzo,M.Ocre - Campo F,RU5,,,430.125000,DUP+,1.600000,FM,OFF,88.5Hz,NO,None,0.000000,42.312500,--:--
29,6 FM Abruzzo,M.Freddo (AQ),RU7,,,430.175000,DUP+,1.600000,FM,OFF,88.5Hz,NO,None,0.000000,42.145833,--:--
29,6 FM Abruzzo,M.Maiella (PE),RU8,,,430.200000,DUP+,1.600000,FM,OFF,88.5Hz,NO,None,0.000000,42.145833,--:--
29,6 FM Abruzzo,M.Luco di Roio (,RU15,,,430.375000,DUP+,1.600000,FM,OFF,88.5Hz,NO,None,0.000000,42.354167,--:--
30,8 DV Campania,Melfi,IU8BPS,IU8BPS B,IU8BPS G,431.675000,DUP-,1.600000,DV,OFF,88.5Hz,YES,Exact,40.949333,15.570333,+1:00
30,8 DV Campania,Potenza,IR8UC,IR8UC  B,IR8UC  G,430.025000,DUP+,1.600000,DV,OFF,88.5Hz,YES,Approximate,40.504500,15.752333,+1:00
30,8 DV Campania,Salerno,IK8SUT,IK8SUT B,IK8SUT G,433.500000,DUP+,0.000000,DV,OFF,88.5Hz,YES,Exact,40.688000,14.770500,+1:00
30,8 DV Campania,Avellino,IR8UAE,IR8UAE B,IR8UAE G,430.225000,DUP+,5.000000,DV,OFF,88.5Hz,YES,Exact,41.052333,15.235500,+1:00
30,8 DV Campania,Benevento,IR8UAG,IR8UAG B,IR8UAG G,431.925000,DUP-,5.000000,DV,OFF,88.5Hz,YES,Exact,41.100167,14.578333,+1:00
30,8 DV Campania,Napoli,IK8JHL,IK8JHL B,IK8JKL G,430.600000,DUP+,5.000000,DV,OFF,88.5Hz,YES,Exact,40.849000,14.236333,+1:00
30,8 DV Campania,Benevento,IR8BA,IR8BA  C,IR8BA  G,145.787500,DUP-,0.600000,DV,OFF,88.5Hz,YES,Exact,41.167167,14.596667,+1:00
30,8 DV Campania,Avellino,IR8UAF,IR8UAF B,IR8UAF G,430.500000,DUP+,5.000000,DV,OFF,88.5Hz,YES,Exact,40.934500,14.724667,+1:00
30,8 DV Campania,Summonte,IW8EQE,IW8EQE B,IW8EQE G,430.162500,DUP+,0.000000,DV,OFF,88.5Hz,YES,Exact,41.095833,14.774167,+1:00
30,8 DV Campania,Montaguto,IW8DDV,IW8DDV C,IW8DDV G,144.962500,DUP+,0.000000,DV,OFF,88.5Hz,YES,Exact,41.249167,15.249000,+1:00
30,8 DV Campania,Serino,IZ8QAD,IZ8QAD B,IZ8QAD G,430.887500,DUP-,5.000000,DV,OFF,88.5Hz,YES,Exact,40.858333,14.874500,+1:00
30,8 DV Campania,Polla SA,IW8EQE,IW8EQE C,IW8EQE G,144.512500,DUP+,0.000000,DV,OFF,88.5Hz,YES,Exact,40.500000,15.468000,--:--
30,8 DV Campania,Sala Consilina,IZ8CSD,IZ8CSD B,IZ8CSD G,430.400000,DUP+,5.000000,DV,OFF,88.5Hz,YES,Exact,40.415500,15.566833,--:--
30,8 DV Campania,Rotondi AV,IZ8DSX,IZ8DSX C,IZ8DSX G,144.912500,DUP+,0.000000,DV,OFF,88.5Hz,YES,Exact,41.034333,14.594000,--:--
30,8 DV Campania,Chiusano AV,IW8EPS,IW8EPS C,IW8EPS G,144.462500,DUP+,0.000000,DV,OFF,88.5Hz,YES,Approximate,40.932167,14.916000,--:--
31,8 FM Campania,Napoli,RU1,,,430.025000,DUP+,1.600000,FM,OFF,88.5Hz,NO,None,0.000000,40.854167,--:--
31,8 FM Campania,M.Vesuvio (NA),RV-1a,,,145.587500,DUP-,0.600000,FM,OFF,88.5Hz,NO,None,0.000000,40.812500,--:--
31,8 FM Campania,Santa Marina (SA,RV-1a,,,145.587500,DUP-,0.600000,FM,OFF,88.5Hz,NO,None,0.000000,40.104167,--:--
31,8 FM Campania,Ischia (NA),R0,,,145.600000,DUP-,0.600000,FM,OFF,88.5Hz,NO,None,0.000000,40.729167,--:--
31,8 FM Campania,Pozzuoli (NA),R1,,,145.625000,DUP-,0.600000,FM,OFF,88.5Hz,NO,None,0.000000,40.854167,--:--
31,8 FM Campania,Pietraroja (BN),R1a,,,145.637500,DUP-,0.600000,FM,OFF,88.5Hz,NO,None,0.000000,41.354167,--:--
31,8 FM Campania,M.Stella Cilento,R1a,,,145.637500,DUP-,0.600000,FM,OFF,88.5Hz,NO,None,0.000000,40.229167,--:--
31,8 FM Campania,Ischia (NA),R2,,,145.650000,DUP-,0.600000,FM,OFF,88.5Hz,NO,None,0.000000,40.729167,--:--
31,8 FM Campania,Roccamonfina (CE,R3,,,145.675000,DUP-,0.600000,FM,OFF,88.5Hz,NO,None,0.000000,41.270833,--:--
31,8 FM Campania,Caserta,R4,,,145.700000,DUP-,0.600000,FM,OFF,88.5Hz,NO,None,0.000000,41.104167,--:--
31,8 FM Campania,Sala Consilina (,R4,,,145.700000,DUP-,0.600000,FM,OFF,88.5Hz,NO,None,0.000000,40.395833,--:--
31,8 FM Campania,Chiusano San Dom,R5,,,145.725000,DUP-,0.600000,FM,OFF,88.5Hz,NO,None,0.000000,40.937500,--:--
31,8 FM Campania,San Marco ai Mon,R5a,,,145.737500,DUP-,0.600000,FM,OFF,88.5Hz,NO,None,0.000000,41.062500,--:--
31,8 FM Campania,M.Vesole (SA),R5a,,,145.737500,DUP-,0.600000,FM,OFF,88.5Hz,NO,None,0.000000,40.395833,--:--
31,8 FM Campania,M.Pizzone (AV),R6,,,145.750000,DUP-,0.600000,FM,OFF,88.5Hz,NO,None,0.000000,40.895833,--:--
31,8 FM Campania,Portici (NA),R6a,,,145.762500,DUP-,0.600000,FM,OFF,88.5Hz,NO,None,0.000000,40.812500,--:--
31,8 FM Campania,M.Tubenna (SA),R6a,,,145.762500,DUP-,0.600000,FM,OFF,88.5Hz,NO,None,0.000000,40.729167,--:--
31,8 FM Campania,m. S. Liberatore,R7,,,145.775000,DUP-,0.600000,FM,OFF,88.5Hz,NO,None,0.000000,40.687500,--:--
31,8 FM Campania,Capua (CE),RU1,,,430.025000,DUP+,5.000000,FM,OFF,88.5Hz,NO,None,0.000000,41.104167,--:--
31,8 FM Campania,M.S.Angelo (SA),RU3,,,430.075000,DUP+,1.600000,FM,OFF,88.5Hz,NO,None,0.000000,40.729167,--:--
31,8 FM Campania,M. S. Liberatore,RU7,,,430.175000,DUP+,1.600000,FM,OFF,88.5Hz,NO,None,0.000000,40.687500,--:--
31,8 FM Campania,Sessa Aurunca (C,RU9,,,430.225000,DUP+,5.000000,FM,OFF,88.5Hz,NO,None,0.000000,41.229167,--:--
31,8 FM Campania,Roccamonfina (CE,RU11a,,,430.287500,DUP+,1.600000,FM,OFF,88.5Hz,NO,None,0.000000,41.312500,--:--
31,8 FM Campania,M.Vergine (AV),RU12,,,430.300000,DUP+,1.600000,FM,OFF,88.5Hz,NO,None,0.000000,40.937500,--:--
31,8 FM Campania,M.S.Angelo (SA),RU15,,,430.375000,DUP+,1.600000,FM,OFF,88.5Hz,NO,None,0.000000,40.729167,--:--
31,8 FM Campania,M.Somma (NA),RU15a,,,430.387500,DUP+,5.000000,FM,OFF,88.5Hz,NO,None,0.000000,40.854167,--:--
31,8 FM Campania,M.Taburno (BN),RU18a,RU18A,,431.287500,DUP+,1.600000,FM,OFF,88.5Hz,NO,None,0.000000,41.104167,--:--
31,8 FM Campania,Pozzuoli (NA),RU22,RU22,,431.375000,DUP+,1.600000,FM,OFF,88.5Hz,NO,None,0.000000,40.854167,--:--
31,8 FM Campania,Pozzuoli (NA),RU25a,,,431.462500,DUP+,1.600000,FM,OFF,88.5Hz,NO,None,0.000000,40.812500,--:--
32,X1 FM Valle d'Ao,Courmayeur (AO),R0,R0,,145.600000,DUP-,0.600000,FM,OFF,88.5Hz,NO,None,0.000000,45.770833,--:--
32,X1 FM Valle d'Ao,Saint Vincent (A,R6,R6,,145.750000,DUP-,0.600000,FM,OFF,88.5Hz,NO,None,0.000000,45.770833,--:--
33,6 FM Marche,M.Ascensione (AP,R0,,,145.600000,DUP-,0.600000,FM,OFF,88.5Hz,NO,None,0.000000,42.937500,--:--
33,6 FM Marche,M.La Croce (AN),R4,,,145.700000,DUP-,0.600000,FM,OFF,88.5Hz,NO,None,0.000000,43.395833,--:--
33,6 FM Marche,San Benedetto de,R4a,,,145.712500,DUP-,0.600000,FM,OFF,88.5Hz,NO,None,0.000000,0.000000,--:--
33,6 FM Marche,Ancona,R5,,,145.725000,DUP-,0.600000,FM,OFF,88.5Hz,NO,None,0.000000,43.604167,--:--
33,6 FM Marche,Potenza Picena (,R7,,,145.775000,DUP-,0.600000,FM,OFF,88.5Hz,NO,None,0.000000,43.354167,--:--
33,6 FM Marche,Ancona,RU7,,,430.175000,DUP+,1.600000,FM,OFF,88.5Hz,NO,None,0.000000,43.604167,--:--
33,6 FM Marche,M.La Croce (AN),RU8,,,430.200000,DUP+,1.600000,FM,OFF,88.5Hz,NO,None,0.000000,43.395833,--:--
33,6 FM Marche,Senigallia (AN),RU9,,,430.225000,DUP+,1.600000,FM,OFF,88.5Hz,NO,None,0.000000,43.645833,--:--
33,6 FM Marche,Montegrimano (PU,RU21,,,431.350000,DUP+,1.600000,FM,OFF,88.5Hz,NO,None,0.000000,43.854167,--:--
33,6 FM Marche,Montefelcino (PU,RU28,,,431.525000,DUP+,1.600000,FM,OFF,88.5Hz,NO,None,0.000000,43.770833,--:--
33,6 FM Marche,Falconara (AN),RU29,RU29,,431.550000,DUP+,1.600000,FM,OFF,88.5Hz,NO,None,0.000000,43.604167,--:--
33,6 FM Marche,Monte Cucco (AN),RU30a,RU30A,,431.587500,DUP+,1.600000,FM,OFF,88.5Hz,NO,None,0.000000,43.354167,--:--
33,6 FM Marche,Monte Aria-Macer,RU31,RU31,,431.600000,DUP+,1.600000,FM,OFF,88.5Hz,NO,None,0.000000,43.187500,--:--
33,6 FM Marche,M.Nerone (PU),RU30,RU30,,431.575000,DUP+,4.000000,FM,OFF,88.5Hz,NO,None,0.000000,43.562500,--:--
34,7/8 FM Basilicat,M.Pierfaone (PZ),R0,,,145.600000,DUP-,0.600000,FM,OFF,88.5Hz,NO,None,0.000000,40.520833,--:--
34,7/8 FM Basilicat,M.Pierfaone (PZ),RU3a,,,430.087500,DUP+,1.600000,FM,OFF,88.5Hz,NO,None,0.000000,40.520833,--:--
34,7/8 FM Basilicat,Banzi (PZ),RU,,,430.500000,DUP+,5.000000,FM,OFF,88.5Hz,NO,None,0.000000,0.000000,--:--
35,8 FM Molise,S.Angelo Limosan,R3a,,,145.687500,DUP-,0.600000,FM,OFF,88.5Hz,NO,None,0.000000,41.687500,--:--
35,8 FM Molise,M.Patalecchia (I,R6,,,145.750000,DUP-,0.600000,FM,OFF,88.5Hz,NO,None,0.000000,41.562500,--:--
35,8 FM Molise,Rionero Sannitic,RU6,,,430.150000,DUP+,5.000000,FM,OFF,88.5Hz,NO,None,0.000000,41.395833,--:--
35,8 FM Molise,Guglionesi (CB),RU6a,,,430.162500,DUP+,1.600000,FM,OFF,88.5Hz,NO,None,0.000000,41.937500,--:--
35,8 FM Molise,Rionero Sannitic,RU7,,,430.175000,DUP+,1.600000,FM,OFF,88.5Hz,NO,None,0.000000,41.729167,--:--
36,S0 FM Sardegna,M.Rasu (SS),R0,,,145.600000,DUP-,0.600000,FM,OFF,88.5Hz,NO,None,0.000000,40.729167,--:--
36,S0 FM Sardegna,Abbasanta (OR),R0a,,,145.612500,DUP-,0.600000,FM,OFF,88.5Hz,NO,None,0.000000,40.145833,--:--
36,S0 FM Sardegna,Capoterra - Torr,R1,,,145.625000,DUP-,0.600000,FM,OFF,88.5Hz,NO,None,0.000000,39.145833,--:--
36,S0 FM Sardegna,Punta Tricoli -,R1,,,145.625000,DUP-,0.600000,FM,OFF,88.5Hz,NO,None,0.000000,39.854167,--:--
36,S0 FM Sardegna,Arbus - Punta Ti,R1,,,145.625000,DUP-,0.600000,FM,OFF,88.5Hz,NO,None,0.000000,49.520833,--:--
36,S0 FM Sardegna,Punta Sebera (CA,R2,,,145.650000,DUP-,0.600000,FM,OFF,88.5Hz,NO,None,0.000000,39.062500,--:--
36,S0 FM Sardegna,Cabu Aspru (SS),R2a,,,145.662500,DUP-,0.600000,FM,OFF,88.5Hz,NO,None,0.000000,40.854167,--:--
36,S0 FM Sardegna,M.Tului-Dorgali,R3,,,145.675000,DUP-,0.600000,FM,OFF,88.5Hz,NO,None,0.000000,40.270833,--:--
36,S0 FM Sardegna,Abbasanta (OR),R4,,,145.700000,DUP-,0.600000,FM,OFF,88.5Hz,NO,None,0.000000,40.145833,--:--
36,S0 FM Sardegna,S.Anna di Lode',R5,,,145.725000,DUP-,0.600000,FM,OFF,88.5Hz,NO,None,0.000000,40.604167,--:--
36,S0 FM Sardegna,M.Serpeddi (CA),R7,,,145.775000,DUP-,0.600000,FM,OFF,88.5Hz,NO,None,0.000000,39.354167,--:--
36,S0 FM Sardegna,Bruncu Spina (CA,R7,,,145.775000,DUP-,0.600000,FM,OFF,88.5Hz,NO,None,0.000000,40.020833,--:--
36,S0 FM Sardegna,Limbara (SS),RU1,,,430.025000,DUP+,1.600000,FM,OFF,88.5Hz,NO,None,0.000000,40.854167,--:--
36,S0 FM Sardegna,M.Serpeddi (CA),RU2,,,430.050000,DUP+,1.600000,FM,OFF,88.5Hz,NO,None,0.000000,39.354167,--:--
36,S0 FM Sardegna,S.Anna di Lode',RU2,,,430.050000,DUP+,1.600000,FM,OFF,88.5Hz,NO,None,0.000000,40.604167,--:--
36,S0 FM Sardegna,Cagliari,RU4,,,430.100000,DUP+,1.600000,FM,OFF,88.5Hz,NO,None,0.000000,39.229167,--:--
36,S0 FM Sardegna,M.Corem - Narc,RU5,,,430.125000,DUP+,1.600000,FM,OFF,88.5Hz,NO,None,0.000000,39.229167,--:--
36,S0 FM Sardegna,Abbasanta (OR),RU5,,,430.125000,DUP+,1.600000,FM,OFF,88.5Hz,NO,None,0.000000,40.145833,--:--
36,S0 FM Sardegna,Lanusei-M.Armidd,RU7,,,430.175000,DUP+,1.600000,FM,OFF,88.5Hz,NO,None,0.000000,39.895833,--:--
36,S0 FM Sardegna,M.Ferru (OR),RU8,,,430.200000,DUP+,1.600000,FM,OFF,88.5Hz,NO,None,0.000000,40.145833,--:--
36,S0 FM Sardegna,M.Serpeddi (CA),RU10,,,430.250000,DUP+,1.600000,FM,OFF,88.5Hz,NO,None,0.000000,39.354167,--:--
36,S0 FM Sardegna,M.Limbara (SS),RU,,,430.400000,DUP+,5.000000,FM,OFF,88.5Hz,NO,None,0.000000,40.854167,--:--
36,S0 FM Sardegna,Serpeddi (CA),RU,,,430.700000,DUP+,5.000000,FM,OFF,88.5Hz,NO,None,0.000000,39.354167,--:--
37,T7 FM San Marino,San Marino (RSM),RU10a,,,430.262500,DUP+,1.600000,FM,OFF,88.5Hz,NO,None,0.000000,43.937500,--:--
38,HB FM Svizzera,M.Tamaro (Lugano,R0,,,145.600000,DUP-,0.600000,FM,OFF,88.5Hz,NO,None,0.000000,46.104167,--:--
38,HB FM Svizzera,Moosalpe (Valles,R1,,,145.625000,DUP-,0.600000,FM,OFF,88.5Hz,NO,None,0.000000,46.270833,--:--
38,HB FM Svizzera,M.Tamaro (Lugano,R6a,,,145.762500,DUP-,0.600000,FM,OFF,88.5Hz,NO,None,0.000000,46.104167,--:--
38,HB FM Svizzera,Moosalpe (Valles,RU,,,438.675000,DUP-,7.600000,FM,OFF,88.5Hz,NO,None,0.000000,46.270833,--:--
38,HB FM Svizzera,M.Generoso (Luga,RU,,,439.487500,DUP-,7.500000,FM,OFF,88.5Hz,NO,None,0.000000,45.937500,--:--
39,OE FM Austria,M.Olperer,RU,,,431.325000,DUP+,7.600000,FM,OFF,88.5Hz,NO,None,0.000000,47.062500,--:--
39,OE FM Austria,Dobratsch,RU,,,438.900000,DUP-,7.600000,FM,OFF,88.5Hz,NO,None,0.000000,46.604167,--:--
39,OE FM Austria,M.Olperer,RU,,,438.925000,DUP-,7.600000,FM,OFF,88.5Hz,NO,None,0.000000,47.062500,--:--
40,S5 FM Slovenia,M.Nanos,R1,,,145.625000,DUP-,0.600000,FM,OFF,88.5Hz,NO,None,0.000000,45.770833,--:--
40,S5 FM Slovenia,M.Sabotino,R3,,,145.675000,DUP-,0.600000,FM,OFF,88.5Hz,NO,None,0.000000,45.979167,--:--
40,S5 FM Slovenia,Izola,R6a,,,145.762500,DUP-,0.600000,FM,OFF,88.5Hz,NO,None,0.000000,45.520833,--:--
40,S5 FM Slovenia,M.Kanin,R7a,,,145.787500,DUP-,0.600000,FM,OFF,88.5Hz,NO,None,0.000000,46.354167,--:--
40,S5 FM Slovenia,Trstelj,RU,,,438.750000,DUP-,7.600000,FM,OFF,88.5Hz,NO,None,0.000000,45.854167,--:--
40,S5 FM Slovenia,Pirano,RU,,,438.800000,DUP-,7.600000,FM,OFF,88.5Hz,NO,None,0.000000,45.520833,--:--
41,9A FM Croazia,Parenzo,R3,,,145.675000,DUP-,0.600000,FM,OFF,88.5Hz,NO,None,0.000000,45.270833,--:--
41,9A FM Croazia,M.Maggiore - M.U,R4,,,145.700000,DUP-,0.600000,FM,OFF,88.5Hz,NO,None,0.000000,45.270833,--:--
41,9A FM Croazia,Dubrovnik,R7,,,145.775000,DUP-,0.600000,FM,OFF,88.5Hz,NO,None,0.000000,42.645833,--:--
41,9A FM Croazia,Parenzo,RU,,,438.675000,DUP-,7.600000,FM,OFF,88.5Hz,NO,None,0.000000,45.270833,--:--
41,9A FM Croazia,M.Maggiore - M.U,RU,,,439.025000,DUP-,7.600000,FM,OFF,88.5Hz,NO,None,0.000000,45.270833,--:--
42,DA-DR FM Germani,Zugspitze,RU,,,431.250000,DUP+,7.600000,FM,OFF,88.5Hz,NO,None,0.000000,47.437500,--:--
42,DA-DR FM Germani,Zugspitze,RU,,,438.850000,DUP-,7.600000,FM,OFF,88.5Hz,NO,None,0.000000,47.437500,--:--
43,F FM Francia,Nurieux,R1a,,,145.637500,DUP-,0.600000,FM,OFF,88.5Hz,NO,None,0.000000,46.187500,--:--
43,F FM Francia,Ajaccio ( Corse),R1a,,,145.637500,DUP-,0.600000,FM,OFF,88.5Hz,NO,None,0.000000,41.937500,--:--
43,F FM Francia,Echirolles,R2,,,145.650000,DUP-,0.600000,FM,OFF,88.5Hz,NO,None,0.000000,45.145833,--:--
43,F FM Francia,Peille,R3,,,145.675000,DUP-,0.600000,FM,OFF,88.5Hz,NO,None,0.000000,43.770833,--:--
43,F FM Francia,St-Etienne-L.O,R4,,,145.700000,DUP-,0.600000,FM,OFF,88.5Hz,NO,None,0.000000,44.104167,--:--
43,F FM Francia,Rutali (Corse),R4a,,,145.712500,DUP-,0.600000,FM,OFF,88.5Hz,NO,None,0.000000,42.562500,--:--
43,F FM Francia,Sollies-Toucas,R5,,,145.725000,DUP-,0.600000,FM,OFF,88.5Hz,NO,None,0.000000,43.187500,--:--
43,F FM Francia,Patrimonio (Cors,R5a,,,145.737500,DUP-,0.600000,FM,OFF,88.5Hz,NO,None,0.000000,42.687500,--:--
43,F FM Francia,Antibes,R6,,,145.750000,DUP-,0.600000,FM,OFF,88.5Hz,NO,None,0.000000,43.895833,--:--
43,F FM Francia,Briancon,R7a,,,145.787500,DUP-,0.600000,FM,OFF,88.5Hz,NO,None,0.000000,44.895833,--:--
43,F FM Francia,St-Vallier de Th,RU3,,,430.075000,DUP+,1.600000,FM,OFF,88.5Hz,NO,None,0.000000,43.687500,--:--
43,F FM Francia,Risoul,RU4,,,430.100000,DUP+,1.600000,FM,OFF,88.5Hz,NO,None,0.000000,44.604167,--:--
43,F FM Francia,Briancon,RU5,,,430.125000,DUP+,1.600000,FM,OFF,88.5Hz,NO,None,0.000000,44.895833,--:--
43,F FM Francia,Apremont,RU,,,430.150000,DUP+,9.400000,FM,OFF,88.5Hz,NO,None,0.000000,46.187500,--:--
43,F FM Francia,Corte (Corse),RU6,,,430.150000,DUP+,9.400000,FM,OFF,88.5Hz,NO,None,0.000000,42.395833,--:--
43,F FM Francia,Crozet,RU9rev,RU9REV,,430.225000,DUP+,9.400000,FM,OFF,88.5Hz,NO,None,0.000000,46.270833,--:--
43,F FM Francia,Forest St-Julien,RU10,,,430.250000,DUP+,9.400000,FM,OFF,88.5Hz,NO,None,0.000000,44.645833,--:--
43,F FM Francia,Patrimonio (Cors,RU10,,,430.250000,DUP+,1.600000,FM,OFF,88.5Hz,NO,None,0.000000,42.687500,--:--
43,F FM Francia,Eze,RU11,,,430.275000,DUP+,1.600000,FM,OFF,88.5Hz,NO,None,0.000000,43.729167,--:--
43,F FM Francia,St.Jeannet,RU14,,,430.350000,DUP+,9.400000,FM,OFF,88.5Hz,NO,None,0.000000,43.729167,--:--
43,F FM Francia,St-Etienne-L.O,RU12rev,RU12REV,,431.900000,DUP-,1.600000,FM,OFF,88.5Hz,NO,None,0.000000,44.104167,--:--
43,F FM Francia,Chamrousse,RU13rev,RU13REV,,431.925000,DUP-,1.600000,FM,OFF,88.5Hz,NO,None,0.000000,45.145833,--:--
43,F FM Francia,Echirolles,RU24rev,RU24REV,,433.025000,DUP-,1.600000,FM,OFF,88.5Hz,NO,None,0.000000,45.145833,--:--
43,F FM Francia,Gap,RU,,,433.150000,DUP-,1.600000,FM,OFF,88.5Hz,NO,None,0.000000,44.479167,--:--
43,F FM Francia,Le Monetier,RU,,,434.850000,DUP-,1.600000,FM,OFF,88.5Hz,NO,None,0.000000,45.020833,--:--
44,4O FM Montenegro,Podgorica,R0,,,145.600000,DUP-,0.600000,FM,OFF,88.5Hz,NO,None,0.000000,42.479167,--:--
44,4O FM Montenegro,Herceg Novi,R0,,,145.600000,DUP-,0.600000,FM,OFF,88.5Hz,NO,None,0.000000,42.437500,--:--
44,4O FM Montenegro,Stabljak Stuoc,R1a,,,145.637500,DUP-,0.600000,FM,OFF,88.5Hz,NO,None,0.000000,43.187500,--:--
44,4O FM Montenegro,Herceg Novi,R5,,,145.725000,DUP-,0.600000,FM,OFF,88.5Hz,NO,None,0.000000,42.437500,--:--
44,4O FM Montenegro,Herceg Novi,RU,,,438.600000,DUP-,7.600000,FM,OFF,88.5Hz,NO,None,0.000000,42.437500,--:--
44,4O FM Montenegro,Lovcen Stirovnik,RU,,,438.675000,DUP-,7.600000,FM,OFF,88.5Hz,NO,None,0.000000,42.395833,--:--
44,4O FM Montenegro,Herceg Novi,RU,,,438.725000,DUP-,7.600000,FM,OFF,88.5Hz,NO,None,0.000000,42.437500,--:--
44,4O FM Montenegro,Herceg Novi,RU,,,438.775000,DUP-,7.600000,FM,OFF,88.5Hz,NO,None,0.000000,42.437500,--:--
